State,County,Obesity_Rate,FIPS
AL,Lauderdale,36.5,01077
AK,Kodiak Island,30.3,02150
CA,Riverside,34.0,06065
CO,El Paso,28.1,08041
AZ,Mohave,36.6,04015
AL,Bullock,49.4,01011
AL,Jackson,38.6,01071
KS,Greenwood,39.7,20073
CO,Montrose,33.6,08085
MS,DeSoto,39.6,28033
GA,Bulloch,39.1,13031
NY,Herkimer,37.8,36043
AK,Nome,37.2,02180
SD,McPherson,37.8,46089
AK,Skagway,33.0,02230
VA,Isle of Wight,38.9,51093
AL,Cleburne,39.4,01029
WV,Braxton,39.5,54007
CA,Santa Clara,22.0,06085
AL,Covington,44.6,01039
AL,Lee,35.2,01081
AL,Clarke,44.4,01025
AR,Garland,37.8,05051
CA,San Luis Obispo,28.2,06079
CA,Monterey,32.8,06053
AR,Chicot,44.6,05017
AZ,Apache,39.1,04001
AR,Crawford,39.5,05033
AR,Mississippi,43.2,05093
AL,Marshall,38.6,01095
AR,Conway,41.3,05029
CA,Santa Cruz,29.4,06087
AR,Montgomery,39.8,05097
AL,Washington,41.5,01129
AR,Polk,37.0,05113
CA,Solano,32.8,06095
AR,White,40.4,05145
AL,Winston,36.3,01133
AL,Bibb,41.4,01007
AL,Marengo,46.1,01091
AR,Searcy,40.8,05129
AK,Prince of Wales-Hyder,37.6,02198
AR,Washington,33.5,05143
AR,Prairie,38.3,05117
CA,Kern,35.9,06029
AZ,La Paz,35.9,04012
AL,Chilton,36.3,01021
CA,Mariposa,32.3,06043
CA,Lake,30.7,06033
AR,Scott,38.4,05127
AR,Faulkner,37.8,05045
AK,Bethel,41.5,02050
AR,Ashley,42.1,05003
AK,Bristol Bay,32.0,02060
AZ,Pima,32.8,04019
AK,Aleutians West,28.9,02016
AR,Lincoln,39.8,05079
AL,Limestone,35.8,01083
AL,Dallas,50.5,01047
AK,Yukon-Koyukuk,39.5,02290
AZ,Graham,40.4,04009
AL,Chambers,45.4,01017
AZ,Pinal,38.9,04021
AK,Wrangell,34.4,02275
CA,Colusa,32.2,06011
AR,Pike,37.1,05109
AR,Independence,39.6,05063
AR,Union,41.2,05139
AR,Baxter,41.3,05005
AZ,Coconino,27.0,04005
AK,Copper River,32.6,02066
CA,Modoc,30.0,06049
AL,Lowndes,49.6,01085
AL,Coffee,34.1,01031
AK,Anchorage,29.6,02020
AL,Monroe,42.7,01099
AR,Greene,37.6,05055
CA,Marin,23.5,06041
AK,Yakutat,32.6,02282
AL,Lawrence,40.7,01079
CA,Sierra,31.3,06091
CA,Butte,31.5,06007
AK,Lake and Peninsula,38.2,02164
AL,Hale,44.4,01065
AR,Clay,38.1,05021
CA,Napa,28.7,06055
AR,Lonoke,38.0,05085
AR,Phillips,51.3,05107
AL,Shelby,32.1,01117
AR,Perry,37.6,05105
AL,Butler,45.5,01013
AK,Northwest Arctic,38.0,02188
AZ,Gila,34.4,04007
AL,Pickens,43.8,01107
AR,Bradley,41.5,05011
AR,Benton,34.2,05007
AR,Cleveland,41.0,05025
AR,Sharp,38.0,05135
CA,Placer,25.8,06061
CA,Alpine,29.9,06003
AL,Lamar,38.3,01075
AR,Pulaski,38.4,05119
AL,Wilcox,48.5,01131
AR,Desha,45.2,05041
AR,Cross,38.5,05037
AR,Miller,43.7,05091
AR,Hot Spring,38.6,05059
AL,Colbert,40.9,01033
CA,Glenn,34.1,06021
CA,Mono,29.1,06051
CA,Orange,25.7,06059
AL,Baldwin,36.8,01003
CA,Siskiyou,32.9,06093
CA,Sonoma,28.3,06097
AR,Johnson,39.1,05071
AL,Randolph,40.9,01111
CA,Los Angeles,26.2,06037
AK,Ketchikan Gateway,34.3,02130
AK,Chugach,30.4,02063
AK,Denali,30.8,02068
AL,Cullman,39.7,01043
AR,Newton,39.5,05101
AL,Franklin,39.6,01059
AR,Woodruff,41.3,05147
AK,Juneau,32.8,02110
AR,Marion,36.8,05089
AL,Russell,46.9,01113
AZ,Yavapai,27.7,04025
CA,Santa Barbara,31.6,06083
AL,Clay,39.6,01027
AR,Sebastian,35.9,05131
CA,Mendocino,29.4,06045
AZ,Cochise,32.9,04003
AL,Mobile,42.2,01097
CA,San Diego,25.4,06073
AL,Escambia,43.5,01053
CA,San Bernardino,35.1,06071
AZ,Yuma,42.3,04027
AL,Pike,40.6,01109
AL,Walker,42.9,01127
AK,Sitka,32.3,02220
AR,Franklin,40.1,05047
AK,Hoonah-Angoon,31.7,02105
AR,Craighead,37.5,05031
AR,Clark,40.4,05019
AR,Crittenden,41.5,05035
AR,Carroll,35.6,05015
AR,Nevada,41.5,05099
AR,Lee,44.9,05077
AL,Perry,50.0,01105
AR,Fulton,39.0,05049
AR,Little River,38.9,05081
AK,Petersburg,30.4,02195
AL,DeKalb,38.9,01049
AR,Monroe,43.4,05095
CA,Plumas,29.1,06063
AL,Greene,51.0,01063
AR,Izard,36.9,05065
AR,Howard,39.7,05061
CA,Imperial,38.5,06025
CA,Madera,35.2,06039
AL,Henry,38.3,01067
AR,Lawrence,41.5,05075
AK,Kusilvak,46.0,02158
CA,Contra Costa,28.4,06013
AK,Fairbanks North Star,32.1,02090
AR,Poinsett,40.8,05111
AL,Tallapoosa,41.9,01123
AL,Dale,44.3,01045
CA,Lassen,32.8,06035
AL,Autauga,38.4,01001
CA,Merced,34.5,06047
AL,Choctaw,45.8,01023
AK,Matanuska-Susitna,31.4,02170
CA,Fresno,39.0,06019
AL,Calhoun,38.3,01015
AR,Van Buren,37.0,05141
CA,Amador,27.3,06005
CA,San Mateo,21.4,06081
CA,Nevada,29.9,06057
AK,Kenai Peninsula,32.0,02122
AK,North Slope,40.7,02185
AZ,Navajo,38.5,04017
CA,Inyo,29.9,06027
AL,Montgomery,44.6,01101
CA,Sacramento,33.9,06067
AL,Geneva,38.2,01061
AR,Arkansas,40.9,05001
AR,Saline,37.2,05125
AK,Southeast Fairbanks,37.3,02240
AL,Elmore,36.4,01051
AL,Coosa,42.8,01037
AL,Morgan,38.7,01103
AR,St. Francis,44.5,05123
AR,Madison,36.0,05087
AL,Houston,37.5,01069
CA,Kings,31.9,06031
AL,Blount,37.3,01009
AL,Talladega,42.6,01121
AR,Cleburne,36.6,05023
AL,Etowah,41.3,01055
CA,El Dorado,24.8,06017
AR,Dallas,44.0,05039
AL,Madison,35.7,01089
AR,Drew,41.6,05043
CA,San Joaquin,33.8,06077
AR,Jefferson,44.5,05069
AR,Columbia,41.1,05027
AL,Marion,39.5,01093
AL,Crenshaw,40.3,01041
AR,Lafayette,42.9,05073
AL,St. Clair,33.0,01115
AK,Aleutians East,30.9,02013
AR,Stone,37.2,05137
AZ,Santa Cruz,32.4,04023
AK,Haines,32.6,02100
AL,Macon,47.7,01087
CA,San Francisco,17.7,06075
AL,Fayette,39.2,01057
AR,Jackson,40.6,05067
AL,Cherokee,40.2,01019
CA,Calaveras,29.4,06009
CA,Del Norte,33.8,06015
AL,Barbour,43.8,01005
AR,Grant,35.5,05053
AR,Hempstead,41.2,05057
AL,Tuscaloosa,41.4,01125
AR,Ouachita,42.5,05103
CA,Shasta,28.7,06089
AL,Sumter,45.2,01119
AR,Yell,38.7,05149
AR,Boone,39.4,05009
AL,Jefferson,39.7,01073
AR,Pope,36.1,05115
CA,Humboldt,33.1,06023
AR,Sevier,41.5,05133
AR,Calhoun,38.7,05013
AZ,Greenlee,32.5,04011
AL,Conecuh,44.7,01035
AK,Dillingham,37.2,02070
AR,Randolph,37.4,05121
AR,Logan,37.7,05083
CA,Alameda,19.4,06001
CA,San Benito,29.1,06069
AZ,Maricopa,32.7,04013
CO,Gunnison,23.7,08051
GA,Heard,41.0,13149
GA,Burke,44.8,13033
FL,Hardee,40.3,12049
FL,Pinellas,32.2,12103
GA,Houston,39.3,13153
CO,Douglas,20.9,08035
FL,DeSoto,44.2,12027
GA,Emanuel,42.7,13107
CT,Northeastern Connecticut,32.8,09150
FL,Pasco,34.7,12101
FL,St. Johns,26.5,12109
FL,Columbia,38.3,12023
GA,Coweta,44.1,13077
GA,Berrien,38.7,13019
FL,Gulf,38.4,12045
GA,Habersham,36.8,13137
CO,Rio Grande,26.4,08105
FL,Osceola,31.0,12097
GA,Lamar,41.5,13171
CO,Sedgwick,29.8,08115
CO,Washington,26.8,08121
GA,Chattooga,39.0,13055
GA,Dooly,44.0,13093
GA,Camden,38.1,13039
CO,Moffat,29.6,08081
FL,Nassau,32.5,12089
CO,Denver,23.8,08031
CO,Custer,26.8,08027
CO,Larimer,21.1,08069
CO,Cheyenne,27.6,08017
CO,Chaffee,25.3,08015
GA,Columbia,36.0,13073
CO,Alamosa,31.9,08003
CO,Archuleta,24.9,08007
CO,Conejos,30.5,08021
CO,Boulder,18.6,08013
FL,Flagler,33.4,12035
CT,Greater Bridgeport,28.7,09120
GA,Bleckley,42.0,13023
FL,Hamilton,39.5,12047
FL,Broward,31.8,12011
CO,San Juan,27.4,08111
CO,Teller,26.9,08119
FL,Martin,27.6,12085
FL,Suwannee,44.8,12121
GA,Glascock,37.0,13125
FL,Gadsden,44.3,12039
CO,Kiowa,30.0,08061
CO,Jackson,28.4,08057
CO,Dolores,27.4,08033
GA,Candler,44.0,13043
CA,Tulare,38.0,06107
CO,Garfield,26.7,08045
GA,Calhoun,46.6,13037
FL,Orange,32.8,12095
GA,Brooks,42.1,13027
DE,New Castle,37.6,10003
CA,Tuolumne,31.0,06109
GA,Hall,35.0,13139
GA,Decatur,39.8,13087
GA,Effingham,38.6,13103
GA,Crisp,44.8,13081
GA,Hancock,47.5,13141
GA,Harris,32.7,13145
FL,Liberty,40.8,12077
GA,Coffee,41.4,13069
FL,Clay,35.6,12019
CA,Stanislaus,34.7,06099
FL,Wakulla,37.3,12129
FL,Escambia,32.6,12033
GA,Liberty,45.9,13179
FL,Washington,41.1,12133
GA,Irwin,40.3,13155
FL,Brevard,32.9,12009
GA,Butts,40.2,13035
FL,Dixie,43.6,12029
GA,Fannin,38.9,13111
FL,Okaloosa,33.6,12091
CA,Tehama,32.5,06103
FL,Marion,39.1,12083
GA,DeKalb,33.5,13089
FL,Bay,35.3,12005
GA,Early,45.1,13099
GA,Haralson,33.8,13143
FL,Monroe,29.7,12087
GA,Greene,39.2,13133
FL,Collier,27.4,12021
GA,Chatham,36.1,13051
FL,Hillsborough,31.4,12057
FL,Okeechobee,40.1,12093
GA,Clinch,44.9,13065
GA,Dougherty,44.4,13095
FL,Seminole,31.4,12117
GA,Dawson,34.7,13085
FL,Sumter,35.1,12119
GA,Jackson,41.5,13157
FL,St. Lucie,34.7,12111
CA,Ventura,28.9,06111
CO,Prowers,31.6,08099
CO,Montezuma,30.2,08083
FL,Glades,39.7,12043
GA,Catoosa,36.6,13047
FL,Jackson,42.7,12063
GA,Laurens,41.5,13175
FL,Gilchrist,36.9,12041
GA,Bartow,37.8,13015
CO,Fremont,29.2,08043
CT,Western Connecticut,26.9,09190
FL,Madison,36.5,12079
CO,Jefferson,24.9,08059
FL,Indian River,33.0,12061
FL,Putnam,39.8,12107
GA,Gordon,40.0,13129
GA,Jefferson,44.2,13163
FL,Leon,33.1,12073
GA,Charlton,42.2,13049
GA,Echols,41.5,13101
FL,Lee,31.1,12071
CT,Naugatuck Valley,30.9,09140
GA,Crawford,41.1,13079
CO,San Miguel,24.7,08113
GA,Floyd,40.1,13115
CO,Weld,31.2,08123
CO,Adams,34.0,08001
CO,Routt,24.4,08107
FL,Alachua,33.0,12001
GA,Brantley,39.2,13025
GA,Baldwin,39.8,13009
GA,Johnson,42.8,13167
CA,Yuba,32.6,06115
CA,Sutter,32.0,06101
CO,Broomfield,24.6,08014
CO,Clear Creek,25.7,08019
CO,Crowley,33.3,08025
CT,Northwest Hills,30.6,09160
CO,Park,25.3,08093
CO,Bent,33.1,08011
FL,Lafayette,40.4,12067
CO,Costilla,33.7,08023
CO,Arapahoe,25.7,08005
GA,Clayton,45.4,13063
FL,Sarasota,28.8,12115
CO,Baca,31.0,08009
CO,Mesa,30.3,08077
CO,Otero,31.6,08089
CO,Delta,29.0,08029
CO,Lincoln,30.3,08073
GA,Hart,36.1,13147
GA,Gwinnett,33.3,13135
GA,Barrow,39.9,13013
CO,Lake,26.2,08065
CO,Eagle,22.6,08037
FL,Baker,37.6,12003
FL,Holmes,36.3,12059
CO,Rio Blanco,27.9,08103
GA,Jeff Davis,41.3,13161
CT,South Central Connecticut,32.0,09170
CO,Mineral,26.6,08079
CO,Morgan,31.3,08087
FL,Volusia,33.9,12127
CO,Las Animas,31.6,08071
GA,Lee,36.7,13177
CO,Saguache,30.3,08109
CO,Phillips,30.6,08095
FL,Walton,31.1,12131
GA,Bryan,37.1,13029
CO,Hinsdale,25.9,08053
CO,Yuma,27.9,08125
CO,Grand,24.9,08049
CO,Summit,22.7,08117
GA,Grady,41.8,13131
FL,Franklin,37.6,12037
GA,Dade,36.0,13083
GA,Forsyth,31.3,13117
GA,Fulton,30.0,13121
FL,Charlotte,34.4,12015
FL,Calhoun,43.6,12013
GA,Dodge,44.6,13091
CO,Elbert,25.0,08039
FL,Highlands,36.2,12055
CO,Pitkin,21.1,08097
CO,Gilpin,25.2,08047
GA,Bibb,48.5,13021
CO,Kit Carson,30.2,08063
GA,Clarke,37.0,13059
CO,Huerfano,28.7,08055
FL,Bradford,38.8,12007
FL,Manatee,33.9,12081
GA,Cobb,28.9,13067
FL,Palm Beach,30.5,12099
GA,Elbert,42.4,13105
CO,Pueblo,31.4,08101
GA,Glynn,35.9,13127
GA,Baker,41.9,13007
FL,Hendry,38.6,12051
CA,Yolo,28.5,06113
GA,Bacon,41.3,13005
GA,Jenkins,44.5,13165
CT,Lower Connecticut River Valley,31.2,09130
GA,Carroll,36.9,13045
FL,Duval,33.1,12031
FL,Union,42.5,12125
GA,Franklin,36.7,13119
GA,Chattahoochee,43.1,13053
FL,Miami-Dade,30.3,12086
DE,Kent,39.3,10001
GA,Douglas,42.8,13097
CT,Southeastern Connecticut,33.4,09180
GA,Jones,39.9,13169
GA,Cook,40.7,13075
FL,Hernando,33.4,12053
DE,Sussex,38.6,10005
GA,Evans,44.8,13109
GA,Lincoln,37.5,13181
FL,Taylor,42.8,12123
FL,Citrus,34.5,12017
FL,Santa Rosa,31.1,12113
CA,Trinity,32.4,06105
GA,Colquitt,40.4,13071
GA,Fayette,31.3,13113
GA,Gilmer,36.7,13123
GA,Henry,39.3,13151
FL,Jefferson,37.9,12065
GA,Banks,36.7,13011
CO,Logan,30.0,08075
GA,Cherokee,35.1,13057
GA,Appling,40.7,13001
CT,Capitol,32.4,09110
GA,Ben Hill,41.9,13017
CO,Ouray,24.8,08091
GA,Clay,44.8,13061
GA,Atkinson,42.1,13003
GA,Jasper,39.5,13159
FL,Polk,41.6,12105
FL,Levy,38.5,12075
FL,Lake,34.8,12069
GA,Lanier,41.1,13173
CO,La Plata,24.8,08067
GA,Schley,38.2,13249
ID,Power,37.7,16077
IL,Stark,37.7,17175
GA,Murray,38.0,13213
IL,McHenry,34.2,17111
GA,Toombs,42.5,13279
GA,Morgan,36.1,13211
GA,Pickens,36.7,13227
ID,Caribou,32.8,16029
GA,Treutlen,43.4,13283
IL,Wayne,37.1,17191
IL,Mason,35.2,17125
HI,Honolulu,26.2,15003
HI,Maui,24.1,15009
ID,Teton,28.8,16081
GA,Towns,37.0,13281
IN,Clay,42.3,18021
IL,Massac,38.0,17127
ID,Boise,31.2,16015
ID,Lewis,36.2,16061
IL,Cass,38.5,17017
IL,Crawford,36.8,17033
GA,Madison,39.0,13195
GA,Wayne,41.3,13305
IN,Boone,35.5,18011
IL,Washington,35.8,17189
IL,Adams,39.5,17001
IL,Alexander,43.0,17003
IL,Moultrie,35.6,17139
IL,Kankakee,40.3,17091
ID,Bonneville,35.2,16019
GA,Tattnall,46.1,13267
IL,Champaign,35.5,17019
IL,DeKalb,35.7,17037
IL,McDonough,39.3,17109
IL,Shelby,37.2,17173
IN,Crawford,41.0,18025
IL,Putnam,34.7,17155
GA,Oconee,32.9,13219
IN,Bartholomew,34.0,18005
IL,Clinton,35.3,17027
GA,Troup,41.5,13285
ID,Washington,38.5,16087
ID,Payette,37.4,16075
ID,Benewah,34.0,16009
IN,Floyd,36.4,18043
GA,Mitchell,46.8,13205
IL,Marion,38.5,17121
GA,Upson,41.7,13293
IL,De Witt,36.5,17039
GA,Stephens,37.5,13257
IL,Wabash,37.6,17185
GA,Thomas,38.7,13275
IL,Lee,37.5,17103
IN,Adams,40.0,18001
IL,Iroquois,38.3,17075
GA,Twiggs,42.0,13289
IL,Winnebago,38.5,17201
IL,Greene,37.5,17061
IL,Livingston,38.2,17105
ID,Gooding,37.4,16047
GA,Telfair,45.6,13271
ID,Bonner,26.7,16017
ID,Nez Perce,35.5,16069
IL,Jo Daviess,34.2,17085
IL,Madison,35.8,17119
IL,Hardin,37.8,17069
IL,Jefferson,38.8,17081
GA,Seminole,42.4,13253
IL,Williamson,38.4,17199
ID,Adams,31.5,16003
IL,Montgomery,36.2,17135
IL,Vermilion,41.0,17183
GA,Long,41.3,13183
GA,Marion,39.9,13197
GA,Putnam,42.1,13237
GA,Tift,41.9,13277
IL,Bureau,37.8,17011
IL,Boone,39.5,17007
IL,Union,37.6,17181
IN,Allen,38.3,18003
IN,Brown,36.9,18013
GA,Meriwether,40.7,13199
GA,Pike,34.2,13231
GA,Newton,42.3,13217
IL,Tazewell,35.2,17179
IL,Lawrence,37.8,17101
IL,Douglas,36.7,17041
GA,Muscogee,41.7,13215
GA,Wilcox,41.5,13315
IL,Clark,35.0,17023
IL,Will,36.6,17197
IL,Saline,39.6,17165
IL,Pike,37.3,17149
ID,Owyhee,34.6,16073
IL,Edgar,37.4,17045
IL,Edwards,37.2,17047
ID,Boundary,30.9,16021
IN,Elkhart,42.5,18039
IL,Macon,37.1,17115
IL,Whiteside,35.3,17195
ID,Twin Falls,36.5,16083
IL,Hancock,35.1,17067
IL,Grundy,35.1,17063
IL,Mercer,36.8,17131
HI,Kauai,22.8,15007
IL,Cumberland,37.2,17035
IN,Blackford,37.5,18009
IN,Franklin,37.7,18047
ID,Bear Lake,33.6,16007
IL,Perry,39.5,17145
ID,Kootenai,34.3,16055
IN,Cass,40.3,18017
IL,Rock Island,37.4,17161
GA,Talbot,43.9,13263
ID,Blaine,25.5,16013
IL,Lake,31.9,17097
GA,Walton,35.8,13297
GA,Oglethorpe,36.0,13221
ID,Shoshone,34.8,16079
IN,Fountain,39.0,18045
GA,Walker,41.8,13295
ID,Madison,36.6,16065
ID,Jefferson,37.2,16051
IL,Jackson,39.0,17077
IL,Henry,34.7,17073
ID,Elmore,36.5,16039
GA,Terrell,47.1,13273
GA,Wilkes,43.9,13317
IL,Richland,37.4,17159
IN,Dearborn,35.1,18029
ID,Jerome,40.1,16053
GA,Whitfield,36.9,13313
HI,Hawaii,26.0,15001
IL,Bond,37.6,17005
GA,Washington,43.0,13303
IL,Christian,36.4,17021
IN,Carroll,38.8,18015
GA,Taliaferro,43.3,13265
GA,Lumpkin,35.1,13187
ID,Custer,32.8,16037
IL,Ogle,35.9,17141
IL,Carroll,36.0,17015
IL,Kendall,36.4,17093
IL,Fayette,37.2,17051
IL,Logan,38.8,17107
ID,Ada,28.7,16001
ID,Butte,35.7,16023
IL,Randolph,37.7,17157
ID,Valley,33.5,16085
ID,Bannock,36.8,16005
GA,Screven,42.3,13251
GA,Rockdale,44.9,13247
GA,Sumter,44.0,13261
IL,Warren,37.7,17187
ID,Clark,35.7,16033
IL,Gallatin,38.4,17059
GA,Randolph,48.6,13243
ID,Minidoka,34.8,16067
IL,Woodford,34.2,17203
ID,Bingham,41.1,16011
IL,Scott,35.0,17171
IL,Effingham,35.5,17049
ID,Latah,29.1,16057
IL,DuPage,29.4,17043
GA,Polk,41.7,13233
HI,Kalawao,29.1,15005
IL,Marshall,37.0,17123
IN,Daviess,38.3,18027
IN,Delaware,39.8,18035
IL,Kane,37.3,17089
IL,Henderson,37.2,17071
ID,Fremont,33.7,16043
IL,Schuyler,39.3,17169
IL,Johnson,36.5,17087
IL,Hamilton,37.8,17065
GA,Lowndes,39.5,13185
IL,Pulaski,42.8,17153
GA,Webster,43.5,13307
IL,Morgan,37.3,17137
GA,Ware,39.5,13299
GA,McDuffie,43.7,13189
ID,Camas,32.8,16025
IN,Clark,41.2,18019
GA,Wheeler,47.5,13309
GA,Pierce,39.6,13229
GA,Macon,48.3,13193
IL,Pope,37.7,17151
IN,DeKalb,37.5,18033
GA,Peach,42.7,13225
ID,Canyon,37.7,16027
GA,Turner,43.7,13287
IL,Sangamon,38.3,17167
IL,Macoupin,38.1,17117
IL,Monroe,32.6,17133
IN,Dubois,38.4,18037
GA,Spalding,40.2,13255
GA,Rabun,36.7,13241
GA,Worth,39.1,13321
IN,Fayette,41.1,18041
GA,Union,37.1,13291
GA,Paulding,38.5,13223
IL,Clay,38.3,17025
GA,Warren,44.6,13301
IL,LaSalle,36.6,17099
IL,Coles,38.5,17029
ID,Idaho,32.6,16049
GA,McIntosh,41.8,13191
IL,Calhoun,34.6,17013
ID,Cassia,38.6,16031
IL,Brown,40.6,17009
ID,Lemhi,32.9,16059
ID,Gem,31.4,16045
GA,Montgomery,42.7,13209
IL,Franklin,39.6,17055
GA,Taylor,42.7,13269
IL,Piatt,33.8,17147
ID,Franklin,33.1,16041
GA,Quitman,44.1,13239
IL,McLean,35.4,17113
IN,Clinton,39.1,18023
GA,Monroe,37.7,13207
GA,Wilkinson,43.6,13319
IL,Cook,32.8,17031
ID,Oneida,32.2,16071
GA,Miller,41.7,13201
IL,St. Clair,38.2,17163
IL,Menard,35.3,17129
ID,Lincoln,36.5,16063
GA,Pulaski,43.5,13235
IL,Stephenson,42.1,17177
ID,Clearwater,32.8,16035
GA,Stewart,43.2,13259
GA,White,35.5,13311
IL,Jasper,35.0,17079
IL,Jersey,37.8,17083
IL,Ford,38.0,17053
IL,Knox,38.8,17095
IN,Benton,40.3,18007
IL,Peoria,35.6,17143
IL,Fulton,39.3,17057
IN,Decatur,41.6,18031
IL,White,38.1,17193
GA,Richmond,44.4,13245
IA,Howard,37.3,19089
IN,Vanderburgh,39.3,18163
KS,Ellsworth,39.8,20053
IN,Madison,39.6,18095
IN,Newton,41.5,18111
IN,Fulton,41.8,18049
KS,Marion,38.7,20115
IN,St. Joseph,37.8,18141
IN,Jennings,41.8,18079
IA,Clay,40.6,19041
KS,Atchison,40.5,20005
KS,Decatur,38.6,20039
IA,Woodbury,38.5,19193
IN,Warrick,39.8,18173
IN,Pike,41.7,18125
IA,Ida,37.3,19093
IA,Pocahontas,37.2,19151
IA,Carroll,42.0,19027
IA,Greene,41.5,19073
IN,Wayne,39.4,18177
IN,Porter,37.0,18127
KS,Ford,38.7,20057
IA,Cedar,38.3,19031
KS,Jackson,43.3,20085
IA,Winnebago,39.0,19189
IN,Hamilton,27.9,18057
IN,Morgan,37.8,18109
IA,Wright,41.8,19197
KS,Allen,41.3,20001
IN,Lawrence,39.8,18093
KS,Harvey,37.3,20079
IA,Jasper,39.2,19099
IA,Page,43.9,19145
IN,Pulaski,41.4,18131
KS,Franklin,34.2,20059
IA,Henry,40.9,19087
IA,O'Brien,38.8,19141
IA,Ringgold,41.2,19159
IA,Buena Vista,41.0,19021
IN,Shelby,39.7,18145
IA,Pottawattamie,42.6,19155
KS,Hodgeman,37.1,20083
IN,Tipton,36.1,18159
KS,Kearny,43.4,20093
IA,Johnson,30.9,19103
IN,Jay,42.1,18075
IN,Parke,38.3,18121
IA,Appanoose,43.3,19007
KS,Doniphan,39.0,20043
IA,Keokuk,40.1,19107
IN,Whitley,34.6,18183
IN,Harrison,36.5,18061
KS,Ellis,41.4,20051
KS,Barber,41.9,20007
IN,Lake,38.1,18089
IA,Dickinson,36.9,19059
KS,Cherokee,42.0,20021
KS,Anderson,36.4,20003
IA,Cass,44.9,19029
KS,Haskell,40.5,20081
IA,Hancock,36.2,19081
IA,Jefferson,37.4,19101
IN,Union,40.3,18161
KS,Graham,38.3,20065
IA,Worth,39.9,19195
IN,Marshall,35.9,18099
IA,Polk,38.9,19153
IN,Noble,36.5,18113
IA,Boone,38.6,19015
IN,Grant,43.0,18053
KS,Leavenworth,40.1,20103
IN,Sullivan,38.1,18153
KS,Jewell,40.5,20089
KS,Chase,38.8,20017
IA,Warren,42.1,19181
KS,Kiowa,35.4,20097
IN,Marion,39.3,18097
IN,Rush,41.5,18139
IN,Steuben,34.1,18151
IN,Knox,38.2,18083
KS,Jefferson,41.5,20087
IA,Harrison,40.1,19085
IA,Montgomery,39.8,19137
IN,Randolph,38.9,18135
KS,Geary,37.0,20061
IN,Tippecanoe,35.1,18157
IA,Cerro Gordo,38.4,19033
IN,Martin,39.6,18101
IN,Monroe,37.6,18105
IA,Monona,40.9,19133
IA,Iowa,35.7,19095
KS,Lane,40.3,20101
IA,Mills,40.7,19129
IA,Plymouth,37.5,19149
KS,Edwards,42.2,20047
KS,Barton,41.3,20009
IN,Scott,39.5,18143
IA,Wayne,39.3,19185
IN,Spencer,35.7,18147
KS,Gray,39.8,20069
IA,Buchanan,40.6,19019
IA,Floyd,42.8,19067
IA,Calhoun,38.9,19025
IA,Benton,41.7,19011
KS,Finney,43.5,20055
IA,Osceola,40.1,19143
IA,Humboldt,43.4,19091
IN,LaPorte,39.7,18091
IA,Guthrie,39.8,19077
IA,Emmet,38.5,19063
IA,Scott,39.2,19163
IN,Starke,40.1,18149
KS,Labette,43.6,20099
IA,Marshall,40.7,19127
IA,Davis,40.3,19051
KS,Harper,42.3,20077
IN,LaGrange,42.1,18087
KS,Butler,40.1,20015
IA,Mitchell,44.9,19131
IA,Fayette,39.7,19065
IN,Vermillion,40.8,18165
IA,Union,38.1,19175
KS,Grant,40.8,20067
IA,Adams,38.6,19003
IA,Lee,40.9,19111
IA,Louisa,44.8,19115
IA,Linn,37.3,19113
IA,Dallas,32.2,19049
IN,Jackson,43.2,18071
KS,Chautauqua,40.3,20019
KS,Elk,42.4,20049
IA,Black Hawk,39.1,19013
IA,Cherokee,40.2,19035
IN,Greene,40.5,18055
IA,Jackson,41.8,19097
IA,Bremer,39.5,19017
IA,Shelby,35.0,19165
IN,Vigo,41.0,18167
IA,Madison,38.2,19121
KS,McPherson,35.3,20113
IA,Clinton,40.9,19045
KS,Crawford,42.6,20037
IN,Gibson,40.2,18051
IA,Hamilton,35.4,19079
KS,Brown,41.2,20013
IA,Butler,39.5,19023
KS,Cowley,41.8,20035
IA,Franklin,41.0,19069
KS,Marshall,41.5,20117
KS,Cheyenne,39.9,20023
IA,Lucas,41.1,19117
IA,Delaware,40.6,19055
IN,Henry,44.4,18065
IN,Orange,41.7,18117
IN,Miami,42.1,18103
IA,Chickasaw,37.7,19037
IN,Switzerland,39.5,18155
IA,Washington,40.7,19183
KS,Linn,38.6,20107
IA,Story,35.5,19169
IA,Sac,41.1,19161
IN,Wabash,36.9,18169
KS,Cloud,41.5,20029
KS,Dickinson,38.7,20041
IA,Lyon,38.5,19119
IN,Montgomery,42.6,18107
KS,Clay,40.1,20027
IA,Mahaska,42.4,19123
IA,Clarke,42.5,19039
IN,Ripley,37.4,18137
IA,Palo Alto,41.6,19147
IA,Kossuth,37.6,19109
IN,Perry,40.6,18123
KS,Lyon,39.1,20111
KS,Kingman,40.7,20095
KS,Hamilton,40.0,20075
KS,Douglas,37.7,20045
IA,Webster,38.7,19187
IA,Dubuque,41.5,19061
IA,Clayton,40.6,19043
IA,Fremont,36.3,19071
IA,Allamakee,38.3,19005
IA,Marion,38.3,19125
KS,Coffey,39.5,20031
IA,Des Moines,36.6,19057
IA,Sioux,34.0,19167
IN,Washington,41.7,18175
IN,Kosciusko,39.5,18085
IA,Winneshiek,36.5,19191
IA,Muscatine,37.8,19139
IA,Decatur,38.1,19053
IA,Van Buren,41.0,19177
IN,Huntington,39.0,18069
IN,Warren,36.5,18171
IA,Tama,41.3,19171
IN,Johnson,42.1,18081
IA,Poweshiek,42.3,19157
KS,Greeley,36.5,20071
IA,Hardin,39.2,19083
IA,Audubon,41.7,19009
IN,Owen,39.9,18119
IA,Grundy,38.7,19075
IN,Hancock,35.8,18059
IA,Crawford,44.5,19047
IN,Jasper,38.0,18073
IN,Howard,41.9,18067
IA,Taylor,40.3,19173
IN,Wells,40.7,18179
IA,Adair,41.9,19001
KS,Comanche,38.7,20033
IN,Putnam,39.4,18133
IA,Wapello,42.0,19179
IN,White,39.3,18181
KS,Logan,38.5,20109
KS,Gove,40.2,20063
IA,Jones,39.4,19105
IN,Jefferson,38.4,18077
IN,Ohio,38.1,18115
KS,Bourbon,42.5,20011
IN,Hendricks,38.9,18063
IA,Monroe,37.5,19135
IN,Posey,36.4,18129
KS,Clark,38.9,20025
KS,Lincoln,41.2,20105
KS,Johnson,31.6,20091
KY,Trimble,38.6,21223
LA,Jefferson,39.7,22051
LA,Terrebonne,40.5,22109
KY,Casey,41.4,21045
LA,Morehouse,44.7,22067
KS,Russell,37.0,20167
KY,Marshall,38.5,21157
KS,Stafford,38.6,20185
KY,Shelby,36.1,21211
KY,McLean,39.8,21149
LA,St. James,43.9,22093
KY,Menifee,40.8,21165
LA,Pointe Coupee,42.3,22077
KY,Lyon,38.3,21143
KY,Monroe,39.4,21171
KY,Spencer,36.9,21215
LA,Jackson,40.6,22049
KY,Butler,42.8,21031
LA,St. Mary,44.6,22101
KS,Trego,36.2,20195
KY,Harrison,40.0,21097
KY,Bracken,37.2,21023
KY,Garrard,39.5,21079
LA,Madison,47.4,22065
KY,Robertson,40.8,21201
KS,Morton,38.6,20129
LA,Livingston,37.2,22063
LA,Iberville,45.7,22047
KY,Hardin,38.9,21093
LA,Washington,43.3,22117
LA,East Baton Rouge,37.9,22033
LA,Caddo,45.9,22017
KY,Taylor,38.2,21217
KY,Wayne,42.1,21231
KS,Norton,40.1,20137
KS,Wallace,40.6,20199
KY,Rowan,41.5,21205
KY,Carroll,40.4,21041
LA,Ouachita,42.1,22073
LA,St. Charles,37.3,22089
KY,Washington,37.4,21229
KY,Green,42.0,21087
KY,Clark,40.0,21049
ME,Aroostook,41.7,23003
KY,Whitley,41.4,21235
KS,Woodson,38.4,20207
KY,Livingston,41.1,21139
KS,Mitchell,40.1,20123
KY,Mercer,38.4,21167
KS,Shawnee,40.0,20177
KY,Breckinridge,40.1,21027
KY,Graves,40.5,21083
KS,Miami,35.4,20121
KS,Thomas,34.3,20193
KY,Metcalfe,41.7,21169
LA,Union,43.9,22111
LA,LaSalle,39.9,22059
LA,Bienville,46.6,22013
LA,Grant,38.8,22043
KS,Stevens,40.3,20189
KY,Magoffin,44.8,21153
LA,West Carroll,41.0,22123
KS,Sumner,39.8,20191
LA,Concordia,42.0,22029
KS,Rice,36.9,20159
LA,Sabine,46.4,22085
KS,Sedgwick,33.5,20173
KY,Grant,37.8,21081
KY,Calloway,40.6,21035
KY,Lawrence,39.7,21127
KY,Mason,40.0,21161
KY,Cumberland,42.8,21057
LA,Catahoula,42.7,22025
KS,Nemaha,34.6,20131
LA,Avoyelles,45.8,22009
LA,St. Landry,48.4,22097
LA,Tangipahoa,42.3,22105
ME,Kennebec,33.6,23011
KY,Letcher,40.6,21133
KY,Pendleton,39.9,21191
KS,Morris,40.4,20127
KY,Fayette,34.9,21067
KY,Todd,39.6,21219
LA,Plaquemines,39.8,22075
LA,West Baton Rouge,40.6,22121
LA,Vermilion,39.1,22113
KY,McCracken,41.6,21145
KY,Morgan,38.7,21175
KY,Leslie,43.7,21131
KS,Stanton,43.2,20187
KY,Greenup,43.8,21089
LA,St. Helena,46.3,22091
KS,Osborne,38.5,20141
LA,Lafayette,34.7,22055
KY,Perry,41.0,21193
KY,Hart,38.2,21099
KY,Elliott,42.2,21063
LA,Red River,46.4,22081
KY,Warren,36.3,21227
KY,Gallatin,40.3,21077
KY,Bullitt,38.1,21029
LA,Orleans,38.1,22071
KY,Simpson,41.0,21213
KY,Scott,36.4,21209
KY,Boone,38.5,21015
LA,Evangeline,46.3,22039
KS,Wichita,40.9,20203
LA,Caldwell,39.1,22021
LA,East Feliciana,40.3,22037
KS,Montgomery,45.1,20125
KY,Madison,35.9,21151
KY,Breathitt,43.1,21025
LA,Ascension,36.8,22005
KY,Powell,39.7,21197
KY,Lewis,46.3,21135
KY,Jackson,41.9,21109
KY,Logan,40.2,21141
KY,Barren,40.7,21009
KY,Harlan,44.7,21095
KY,Jessamine,36.7,21113
KS,Rooks,38.3,20163
KY,Christian,41.8,21047
KY,Edmonson,42.7,21061
ME,Franklin,33.4,23007
KY,Crittenden,41.0,21055
LA,Allen,40.9,22003
LA,East Carroll,51.3,22035
KY,Knott,42.5,21119
KY,Owen,38.8,21187
KS,Wyandotte,41.5,20209
KS,Phillips,37.6,20147
KY,Webster,38.2,21233
KY,Russell,40.0,21207
KY,Hopkins,40.7,21107
ME,Hancock,28.3,23009
KS,Osage,39.7,20139
KY,Johnson,42.4,21115
LA,Richland,43.3,22083
KS,Scott,41.2,20171
KY,Allen,41.8,21003
KS,Republic,38.2,20157
KY,Montgomery,42.3,21173
KY,Woodford,35.1,21239
KY,Daviess,35.6,21059
LA,De Soto,40.0,22031
LA,West Feliciana,40.4,22125
LA,Bossier,44.7,22015
LA,Acadia,36.8,22001
KS,Ottawa,36.9,20143
KY,Martin,43.3,21159
KS,Pawnee,41.5,20145
LA,Tensas,46.6,22107
KY,Jefferson,37.2,21111
KS,Seward,45.5,20175
KY,Union,38.9,21225
KS,Rawlins,41.5,20153
LA,Winn,43.6,22127
KY,Bath,38.4,21011
KS,Wilson,40.5,20205
KY,McCreary,43.2,21147
KY,Lee,43.3,21129
LA,Iberia,43.4,22045
KS,Riley,35.2,20161
KY,Franklin,37.6,21073
KS,Smith,41.0,20183
LA,Lincoln,42.0,22061
LA,St. Martin,40.9,22099
LA,St. Tammany,35.1,22103
KY,Bourbon,40.5,21017
KY,Clay,43.2,21051
LA,Vernon,39.5,22115
KY,Estill,42.2,21065
LA,Webster,45.7,22119
KY,Meade,37.8,21163
LA,Claiborne,45.1,22027
KY,Muhlenberg,41.4,21177
LA,St. John the Baptist,43.8,22095
LA,Rapides,42.0,22079
LA,Beauregard,36.8,22011
KY,Laurel,41.1,21125
KY,Bell,44.2,21013
KY,Ohio,40.3,21183
KS,Wabaunsee,41.2,20197
KY,Larue,42.3,21123
KS,Pratt,38.7,20151
KY,Carter,42.9,21043
KY,Nicholas,40.2,21181
ME,Cumberland,29.4,23005
KY,Adair,37.3,21001
KS,Washington,40.3,20201
KY,Hickman,40.8,21105
KY,Henry,40.6,21103
ME,Androscoggin,36.4,23001
KS,Rush,37.4,20165
KY,Trigg,40.3,21221
KY,Oldham,34.2,21185
KY,Campbell,35.5,21037
KY,Grayson,42.2,21085
LA,Lafourche,42.7,22057
KS,Saline,37.9,20169
LA,Assumption,41.2,22007
LA,Cameron,39.8,22023
KY,Caldwell,38.0,21033
KY,Floyd,39.9,21071
KY,Anderson,38.1,21005
LA,Franklin,45.1,22041
KY,Boyd,40.8,21019
KS,Reno,38.0,20155
KY,Pulaski,39.3,21199
KY,Wolfe,44.7,21237
KY,Kenton,34.7,21117
KY,Clinton,39.6,21053
KY,Marion,41.1,21155
KS,Neosho,42.8,20133
KS,Meade,40.4,20119
KY,Knox,40.6,21121
KY,Nelson,34.4,21179
KY,Fulton,45.4,21075
KS,Sheridan,37.8,20179
KY,Owsley,41.2,21189
KY,Henderson,40.3,21101
KY,Carlisle,40.8,21039
KY,Rockcastle,40.5,21203
KS,Ness,37.8,20135
LA,St. Bernard,44.1,22087
KY,Boyle,38.0,21021
KY,Lincoln,40.2,21137
LA,Jefferson Davis,42.3,22053
LA,Calcasieu,43.0,22019
KS,Sherman,40.5,20181
KY,Ballard,39.5,21007
KY,Hancock,38.4,21091
KY,Pike,41.2,21195
KY,Fleming,41.0,21069
KS,Pottawatomie,31.2,20149
LA,Natchitoches,45.0,22069
MI,Osceola,38.7,26133
MI,Benzie,35.0,26019
MS,Benton,43.6,28009
MN,Carver,33.1,27019
MI,Mackinac,38.1,26097
MI,Iron,37.1,26071
MN,Meeker,41.1,27093
MN,Hubbard,40.0,27057
MD,Talbot,31.7,24041
MI,Chippewa,39.3,26033
MD,Carroll,31.5,24013
MI,Oakland,29.7,26125
MI,Wayne,36.7,26163
MI,Emmet,31.4,26047
MN,Jackson,40.0,27063
MI,Kalkaska,35.7,26079
MI,Allegan,31.6,26005
MN,Winona,34.8,27169
MN,Pine,38.9,27115
MN,Renville,38.4,27129
MN,Swift,39.7,27151
MN,Traverse,38.3,27155
MI,Houghton,34.2,26061
MD,Wicomico,36.7,24045
MN,St. Louis,36.7,27137
MN,Le Sueur,38.7,27079
ME,Washington,37.7,23029
MN,Stearns,38.4,27145
MA,Franklin,25.8,25011
MI,Washtenaw,30.1,26161
MI,Macomb,36.7,26099
MN,Yellow Medicine,39.6,27173
MN,Brown,39.9,27015
MD,Worcester,36.2,24047
MN,Morrison,39.8,27097
MN,Big Stone,42.6,27011
MI,Montmorency,38.0,26119
MN,Roseau,33.3,27135
MI,Gladwin,38.1,26051
MD,Montgomery,24.2,24031
MS,Attala,44.4,28007
MI,Barry,33.8,26015
MN,Lyon,45.5,27083
MN,Cook,34.8,27031
MN,Aitkin,36.2,27001
MD,Calvert,33.9,24009
MA,Worcester,32.7,25027
MI,Alcona,36.6,26001
MI,Monroe,38.0,26115
MI,Marquette,32.0,26103
MI,Ionia,38.7,26067
MN,Rice,35.0,27131
MN,Goodhue,36.4,27049
ME,Sagadahoc,30.7,23023
MI,Kent,33.5,26081
MA,Hampden,35.9,25013
MD,Prince George's,36.0,24033
MN,Benton,37.2,27009
MD,Harford,34.8,24025
MI,Isabella,38.5,26073
MN,Sherburne,37.7,27141
MA,Norfolk,27.0,25021
MI,Clinton,35.9,26037
MN,Kanabec,37.8,27065
MI,Iosco,38.2,26069
MI,Eaton,34.9,26045
MI,Van Buren,39.5,26159
MI,Mecosta,33.4,26107
MN,Scott,33.6,27139
MN,Kandiyohi,36.6,27067
MN,Redwood,39.0,27127
MI,Alpena,38.7,26007
MA,Middlesex,22.1,25017
MN,Chippewa,41.6,27023
MI,Montcalm,39.2,26117
MI,Muskegon,43.0,26121
MI,Otsego,34.4,26137
MN,Marshall,42.2,27089
MD,Cecil,37.6,24015
MI,Alger,34.7,26003
MN,Hennepin,27.4,27053
MN,Rock,37.8,27133
MD,Kent,38.9,24029
MN,Polk,38.8,27119
MN,Beltrami,41.1,27007
MN,Koochiching,36.9,27071
MI,Midland,31.1,26111
MS,Alcorn,42.4,28003
MN,Douglas,38.6,27041
MA,Plymouth,30.2,25023
MI,Oceana,37.9,26127
MD,Dorchester,41.8,24019
MI,Huron,38.8,26063
MD,Caroline,38.6,24011
MN,Lake,34.7,27075
MI,Hillsdale,36.8,26059
MI,Ogemaw,38.3,26129
MN,Becker,39.3,27005
MI,Shiawassee,36.1,26155
MN,Itasca,34.6,27061
MI,Grand Traverse,30.8,26055
MI,Kalamazoo,35.7,26077
MN,Anoka,35.9,27003
MN,Blue Earth,42.1,27013
MI,Delta,35.6,26041
MI,Presque Isle,35.9,26141
MI,Luce,39.0,26095
MI,Roscommon,35.4,26143
MN,Norman,37.9,27107
MN,Crow Wing,38.6,27035
MN,Pennington,30.5,27113
MN,Dodge,37.6,27039
MI,Arenac,38.3,26011
MA,Essex,30.8,25009
MA,Bristol,33.0,25005
MD,Charles,42.9,24017
MI,Antrim,34.8,26009
MI,Gratiot,35.6,26057
MN,Cass,38.1,27021
MS,Adams,43.6,28001
MS,Amite,45.0,28005
MN,Lake of the Woods,38.3,27077
MN,Chisago,38.3,27025
MN,Cottonwood,39.3,27033
MN,Houston,38.4,27055
MI,St. Joseph,37.4,26149
MI,Menominee,37.3,26109
MD,Howard,26.9,24027
MN,McLeod,40.3,27085
MI,Dickinson,32.3,26043
MN,Clay,35.1,27027
MI,Schoolcraft,37.5,26153
MD,Allegany,37.3,24001
MI,St. Clair,40.8,26147
MI,Branch,39.6,26023
ME,Lincoln,31.8,23015
ME,Penobscot,38.8,23019
MA,Nantucket,28.3,25019
MN,Wabasha,33.1,27157
MI,Jackson,39.7,26075
MI,Gogebic,37.3,26053
MD,St. Mary's,35.2,24037
MI,Ottawa,35.9,26139
MN,Pope,38.1,27121
MN,Watonwan,39.3,27165
MN,Fillmore,37.2,27045
MI,Newaygo,39.2,26123
MI,Baraga,38.3,26013
MN,Lac qui Parle,35.1,27073
MI,Leelanau,31.2,26089
MI,Tuscola,39.4,26157
MN,Clearwater,39.2,27029
MN,Martin,38.0,27091
MI,Lake,42.0,26085
MD,Garrett,37.3,24023
MD,Baltimore,33.2,24005
MI,Charlevoix,36.6,26029
MD,Frederick,31.2,24021
MN,Murray,40.5,27101
MA,Suffolk,28.0,25025
ME,Piscataquis,35.8,23021
MN,Stevens,37.9,27149
MN,Mahnomen,44.3,27087
MN,Wadena,42.9,27159
MD,Washington,42.3,24043
MI,Missaukee,38.3,26113
MI,Sanilac,38.5,26151
MN,Isanti,38.6,27059
ME,Knox,27.9,23013
ME,Waldo,33.5,23027
MN,Dakota,32.9,27037
MI,Genesee,39.1,26049
MN,Pipestone,39.5,27117
MI,Berrien,40.0,26021
MN,Kittson,39.3,27069
MD,Anne Arundel,34.7,24003
MN,Nicollet,36.5,27103
MI,Keweenaw,34.3,26083
MD,Somerset,43.6,24039
MI,Mason,39.4,26105
MA,Berkshire,28.9,25003
MA,Dukes,28.6,25007
MI,Wexford,38.2,26165
ME,Oxford,36.7,23017
ME,York,29.5,23031
MN,Otter Tail,38.2,27111
MN,Lincoln,38.2,27081
MI,Lenawee,42.4,26091
MN,Wilkin,41.1,27167
MN,Red Lake,36.8,27125
MN,Wright,37.2,27171
MI,Clare,42.3,26035
MI,Oscoda,36.9,26135
MN,Grant,38.0,27051
MN,Todd,40.5,27153
MN,Faribault,37.2,27043
MI,Cheboygan,36.8,26031
MN,Carlton,41.2,27017
MN,Ramsey,32.6,27123
MA,Hampshire,27.7,25015
MI,Calhoun,38.9,26025
MN,Mower,40.7,27099
MI,Crawford,38.2,26039
MI,Ontonagon,38.1,26131
MI,Bay,37.2,26017
MI,Ingham,34.0,26065
MI,Manistee,38.0,26101
MN,Steele,36.9,27147
MD,Queen Anne's,32.7,24035
MI,Lapeer,35.5,26087
MD,Baltimore,38.5,24510
MN,Waseca,41.2,27161
MA,Barnstable,26.5,25001
MN,Washington,30.9,27163
MN,Nobles,40.7,27105
MN,Mille Lacs,42.6,27095
MI,Livingston,35.4,26093
MN,Sibley,40.7,27143
MI,Cass,35.1,26027
MN,Olmsted,35.4,27109
MN,Freeborn,40.6,27047
MI,Saginaw,43.0,26145
ME,Somerset,37.3,23025
MO,Ralls,40.0,29173
MO,Miller,39.7,29131
MS,Lafayette,40.0,28071
MO,Livingston,38.6,29117
MO,Adair,42.0,29001
MT,Daniels,31.9,30019
MO,Polk,42.0,29167
MT,Blaine,41.4,30005
MS,Tunica,50.1,28143
MO,Osage,36.6,29151
MO,Caldwell,40.0,29025
MT,Hill,34.9,30041
MS,Humphreys,51.0,28053
MO,Ray,40.4,29177
MO,Benton,38.4,29015
MO,Greene,34.5,29077
MO,Gasconade,38.6,29073
MT,Gallatin,23.7,30031
MO,St. Francois,40.0,29187
MO,Carroll,38.9,29033
MO,Clay,35.2,29047
MO,St. Charles,36.1,29183
MS,Lincoln,42.9,28085
MO,Grundy,39.7,29079
MT,Judith Basin,33.4,30045
MT,Fallon,33.5,30025
MO,Boone,33.1,29019
MS,Newton,44.3,28101
MT,Beaverhead,31.3,30001
MO,Atchison,39.4,29005
MS,George,40.4,28039
MT,Missoula,29.2,30063
MO,Holt,39.6,29087
MS,Scott,45.8,28123
MS,Tate,40.4,28137
MO,Maries,38.8,29125
MO,Cooper,41.1,29053
MS,Clarke,44.7,28023
MO,Franklin,38.8,29071
MO,Carter,40.0,29035
MO,Macon,36.9,29121
MT,Dawson,35.7,30021
MO,Warren,37.6,29219
MO,Henry,40.1,29083
MS,Webster,39.8,28155
MO,Dunklin,43.1,29069
MS,Sunflower,47.5,28133
MO,Texas,41.3,29215
MO,Pulaski,35.4,29169
MO,New Madrid,41.7,29143
MO,Platte,39.5,29165
MO,Lincoln,41.3,29113
MO,St. Clair,41.1,29185
MS,Panola,46.0,28107
MS,Pontotoc,43.4,28115
MS,Yazoo,45.4,28163
MO,Mercer,42.4,29129
MO,Bates,38.3,29013
MO,Nodaway,42.3,29147
MS,Prentiss,40.4,28117
MT,Carbon,29.0,30009
MO,Cedar,42.0,29039
MO,Marion,36.1,29127
MS,Calhoun,41.9,28013
MS,Chickasaw,47.3,28017
MS,Kemper,47.2,28069
MO,Ste. Genevieve,36.7,29186
MO,Buchanan,40.1,29021
MO,Moniteau,39.8,29135
MO,Mississippi,44.5,29133
MO,Gentry,37.6,29075
MT,Deer Lodge,32.9,30023
MT,Garfield,32.0,30033
MS,Lamar,39.5,28073
MS,Smith,42.0,28129
MS,Issaquena,46.1,28055
MS,Perry,41.7,28111
MO,Daviess,37.4,29061
MO,Howell,40.5,29091
MS,Grenada,45.0,28043
MT,Meagher,33.7,30059
MS,Winston,45.3,28159
MS,Jefferson Davis,43.8,28065
MS,Holmes,53.0,28051
MT,Cascade,35.6,30013
MO,Madison,38.0,29123
MS,Jackson,38.4,28059
MO,Jackson,38.8,29095
MO,Sullivan,40.0,29211
MO,Dent,38.9,29065
MS,Itawamba,37.8,28057
MS,Noxubee,47.0,28103
MT,Flathead,30.2,30029
MO,Knox,38.9,29103
MO,Harrison,42.5,29081
MO,Schuyler,39.8,29197
MO,Butler,41.2,29023
MT,Golden Valley,34.1,30037
MO,Bollinger,41.2,29017
MO,St. Louis,33.4,29189
MO,Scott,43.4,29201
MS,Sharkey,49.8,28125
MS,Claiborne,51.2,28021
MO,Montgomery,41.2,29139
MS,Rankin,36.3,28121
MO,Ripley,42.8,29181
MT,Custer,35.8,30017
MO,Barry,38.4,29009
MO,Callaway,41.7,29027
MO,Cape Girardeau,40.7,29031
MS,Monroe,40.9,28095
MS,Copiah,46.3,28029
MO,Taney,39.2,29213
MS,Washington,44.6,28151
MO,Crawford,38.7,29055
MO,Clinton,38.2,29049
MO,Iron,39.4,29093
MT,Lewis and Clark,30.1,30049
MO,Randolph,41.6,29175
MS,Bolivar,45.6,28011
MS,Clay,42.6,28025
MO,Dallas,40.6,29059
MS,Neshoba,42.4,28099
MS,Tishomingo,39.9,28141
MO,Barton,42.7,29011
MS,Carroll,42.1,28015
MO,Newton,36.9,29145
MT,Big Horn,41.4,30003
MT,Carter,33.4,30011
MT,Glacier,36.2,30035
MO,Wright,40.9,29229
MS,Lee,40.6,28081
MO,Camden,33.5,29029
MO,Phelps,39.2,29161
MS,Pearl River,40.3,28109
MO,Washington,39.0,29221
MO,Linn,41.4,29115
MS,Quitman,50.3,28119
MS,Simpson,41.7,28127
MO,Lafayette,38.9,29107
MO,Johnson,40.0,29101
MS,Jones,43.4,28067
MO,DeKalb,42.3,29063
MO,Oregon,44.3,29149
MS,Union,39.8,28145
MO,Stone,40.0,29209
MO,Christian,36.7,29043
MO,Pettis,39.0,29159
MO,Scotland,39.2,29199
MO,Saline,39.1,29195
MS,Lawrence,43.3,28077
MS,Covington,41.4,28031
MO,Reynolds,40.6,29179
MS,Marshall,44.4,28093
MS,Stone,41.4,28131
MT,Lake,33.9,30047
MT,McCone,34.2,30055
MS,Yalobusha,43.1,28161
MO,Pemiscot,43.8,29155
MS,Walthall,41.4,28147
MO,Wayne,41.4,29223
MS,Jasper,44.1,28061
MS,Leake,45.1,28079
MO,Lewis,39.9,29111
MS,Jefferson,52.2,28063
MS,Pike,46.1,28113
MS,Harrison,34.7,28047
MT,Granite,32.4,30039
MO,Worth,39.7,29227
MO,Jasper,35.8,29097
MT,Lincoln,30.9,30053
MO,Shelby,41.4,29205
MT,Broadwater,32.0,30007
MS,Franklin,42.3,28037
MO,Cass,35.1,29037
MO,Pike,43.3,29163
MS,Hancock,36.3,28045
MS,Leflore,45.8,28083
MO,Douglas,38.7,29067
MO,Laclede,44.1,29105
MO,Hickory,43.9,29085
MO,Vernon,41.3,29217
MS,Montgomery,45.5,28097
MT,Madison,26.5,30057
MT,Mineral,35.1,30061
MO,Shannon,41.4,29203
MS,Tippah,42.2,28139
MS,Coahoma,48.4,28027
MO,Howard,40.0,29089
MT,Chouteau,34.5,30015
MO,Cole,36.7,29051
MS,Warren,41.8,28149
MO,Webster,38.6,29225
MS,Wayne,45.5,28153
MO,Audrain,40.2,29007
MS,Greene,42.6,28041
MO,Andrew,42.1,29003
MO,Morgan,43.1,29141
MS,Wilkinson,49.3,28157
MT,Jefferson,29.4,30043
MO,Dade,44.5,29057
MO,Putnam,40.7,29171
MO,Stoddard,45.2,29207
MS,Madison,37.2,28089
MO,McDonald,41.2,29119
MO,Monroe,41.4,29137
MO,Chariton,36.2,29041
MO,St. Louis,36.7,29510
MS,Lauderdale,39.3,28075
MO,Ozark,44.2,29153
MO,Clark,40.4,29045
MO,Jefferson,39.1,29099
MO,Perry,37.3,29157
MS,Choctaw,41.6,28019
MS,Hinds,47.0,28049
MS,Tallahatchie,45.3,28135
MS,Oktibbeha,41.1,28105
MT,Fergus,32.1,30027
MO,Lawrence,41.9,29109
MT,Liberty,37.4,30051
MS,Marion,44.1,28091
MS,Lowndes,44.1,28087
MS,Forrest,43.9,28035
NM,Bernalillo,28.1,35001
MT,Treasure,31.0,30103
NE,Blaine,39.4,31009
NH,Hillsborough,29.8,33011
NE,Dakota,45.8,31043
NY,Hamilton,37.3,36041
NY,Broome,33.3,36007
NM,Torrance,34.8,35057
NY,Franklin,36.6,36033
NE,Dundy,41.2,31057
NM,Otero,38.8,35035
NH,Merrimack,30.7,33013
NM,Colfax,35.6,35007
NM,Santa Fe,23.1,35049
MT,Teton,31.3,30099
NE,Kearney,38.3,31099
NE,Dawson,41.4,31047
NE,Arthur,39.0,31005
NY,Dutchess,34.3,36027
MT,Wheatland,35.4,30107
NE,Logan,37.9,31113
NV,Esmeralda,35.5,32009
NE,Thurston,48.8,31173
NY,Clinton,41.8,36019
NE,Lancaster,33.1,31109
NE,Sioux,40.9,31165
NM,Catron,33.0,35003
NE,Franklin,42.3,31061
NH,Strafford,32.9,33017
NE,Furnas,41.4,31065
NE,Gosper,38.7,31073
NY,Madison,34.4,36053
NE,Keya Paha,39.8,31103
NM,Sierra,33.7,35051
MT,Wibaux,34.5,30109
NE,Saunders,36.2,31155
NE,Box Butte,40.5,31013
NM,Eddy,39.1,35015
NJ,Cumberland,36.8,34011
NM,DoÃ±a Ana,36.0,35013
NM,Taos,29.0,35055
NE,McPherson,40.8,31117
NE,Jefferson,39.9,31095
NM,Cibola,38.3,35006
NE,Wheeler,38.6,31183
NJ,Ocean,33.2,34029
NV,White Pine,33.4,32033
NE,Saline,40.8,31151
NH,Belknap,30.3,33001
NM,Guadalupe,35.6,35019
NE,Dixon,40.5,31051
NM,San Juan,38.1,35045
NH,Rockingham,31.7,33015
NE,Seward,41.7,31159
MT,Roosevelt,40.6,30085
NJ,Union,28.0,34039
NE,Deuel,38.5,31049
NJ,Hunterdon,26.5,34019
NE,Washington,37.8,31177
MT,Powell,32.7,30077
NE,Cherry,42.0,31031
NM,Chaves,42.0,35005
NY,Chemung,34.2,36015
NY,Genesee,35.3,36037
NM,De Baca,33.1,35011
NE,Frontier,40.6,31063
NJ,Warren,29.1,34041
NE,Harlan,36.6,31083
MT,Valley,36.1,30105
NH,Grafton,28.8,33009
NE,Rock,41.0,31149
NE,Johnson,40.3,31097
NE,Sheridan,36.3,31161
NV,Douglas,30.5,32005
NY,Bronx,37.2,36005
NE,Scotts Bluff,42.0,31157
NM,San Miguel,35.1,35047
NY,Jefferson,37.4,36045
MT,Sheridan,32.7,30091
NE,Perkins,39.3,31135
NY,Erie,32.7,36029
NJ,Salem,36.3,34033
NM,Valencia,35.5,35061
NE,Cass,38.1,31025
NM,Quay,36.0,35037
NJ,Monmouth,29.3,34025
NY,Kings,26.9,36047
NE,Dawes,39.5,31045
NY,Cortland,34.0,36023
NE,Webster,39.5,31181
NY,Montgomery,36.0,36057
NH,Cheshire,31.2,33005
NY,Lewis,35.9,36049
NV,Churchill,33.6,32001
NJ,Bergen,25.8,34003
NH,Coos,35.9,33007
NE,Nance,40.5,31125
MT,Ravalli,32.7,30081
MT,Stillwater,31.9,30095
NV,Nye,32.0,32023
NJ,Somerset,26.9,34035
NE,Richardson,44.2,31147
NE,Greeley,38.1,31077
NH,Carroll,28.5,33003
NE,Boyd,40.7,31015
NJ,Sussex,29.3,34037
MT,Sanders,35.3,30089
NE,Nuckolls,38.2,31129
NM,Socorro,35.0,35053
NE,Stanton,37.9,31167
MT,Yellowstone,34.6,30111
NE,Howard,38.1,31093
NH,Sullivan,32.3,33019
NM,Rio Arriba,38.8,35039
NY,Fulton,36.3,36035
NM,Sandoval,31.1,35043
NE,Loup,38.7,31115
NE,Garfield,37.9,31071
NM,Harding,35.0,35021
NM,Los Alamos,22.4,35028
NE,Cheyenne,41.2,31033
NJ,Mercer,30.7,34021
NE,Grant,36.6,31075
NV,Clark,32.8,32003
MT,Powder River,33.2,30075
NE,Buffalo,43.4,31019
NJ,Gloucester,36.3,34015
NE,Red Willow,39.5,31145
NE,Holt,39.2,31089
NV,Lincoln,32.1,32017
NE,Morrill,38.9,31123
NE,Chase,38.5,31029
NE,Hayes,40.5,31085
NE,Custer,38.7,31041
NJ,Atlantic,33.2,34001
NY,Chenango,37.5,36017
NY,Delaware,35.9,36025
NM,Mora,37.0,35033
NJ,Burlington,32.6,34005
MT,Musselshell,33.3,30065
MT,Prairie,36.5,30079
NE,Otoe,37.2,31131
NY,Allegany,34.3,36003
NM,Curry,34.9,35009
MT,Phillips,39.4,30071
NE,Wayne,37.3,31179
NY,Niagara,34.6,36063
NY,Monroe,36.1,36055
MT,Petroleum,32.8,30069
NE,Gage,42.6,31067
NY,New York,21.2,36061
NV,Mineral,35.0,32021
NM,Union,35.4,35059
NV,Eureka,33.9,32011
NY,Chautauqua,34.7,36013
NE,Nemaha,40.9,31127
NM,Roosevelt,34.3,35041
NE,Sherman,40.0,31163
NY,Cattaraugus,36.5,36009
NE,Boone,35.3,31011
NE,Platte,36.4,31141
NE,Kimball,43.8,31105
MT,Silver Bow,29.8,30093
NV,Lander,33.8,32015
NV,Storey,31.3,32029
NE,Cedar,40.4,31027
NV,Elko,35.5,32007
NM,Hidalgo,34.9,35023
NE,Hall,38.0,31079
NE,Hamilton,41.7,31081
NY,Greene,32.4,36039
MT,Toole,35.1,30101
MT,Pondera,34.4,30073
NE,Phelps,43.2,31137
NJ,Cape May,31.7,34009
NE,Madison,40.3,31119
NM,Lea,35.5,35025
NE,Brown,40.6,31017
NE,Valley,40.2,31175
NE,Clay,44.2,31035
NJ,Hudson,30.7,34017
NE,Banner,39.0,31007
NM,McKinley,37.4,35031
NJ,Essex,29.1,34013
NJ,Passaic,31.7,34031
MT,Rosebud,39.7,30087
NE,Hitchcock,43.4,31087
MT,Richland,35.7,30083
NV,Washoe,29.8,32031
NV,Pershing,34.8,32027
NE,Burt,40.6,31021
NE,Pawnee,39.2,31133
NV,Humboldt,33.8,32013
NY,Columbia,33.0,36021
NE,Antelope,40.8,31003
NY,Essex,36.0,36031
NE,Lincoln,39.4,31111
NE,Fillmore,38.9,31059
NE,York,38.9,31185
NE,Garden,42.3,31069
NM,Lincoln,30.5,35027
NE,Merrick,40.1,31121
MT,Park,27.7,30067
NE,Polk,40.2,31143
NE,Adams,40.7,31001
NY,Nassau,26.9,36059
NY,Livingston,32.4,36051
NE,Knox,43.8,31107
NM,Grant,35.0,35017
NE,Douglas,35.8,31055
NM,Luna,38.7,35029
NE,Hooker,39.9,31091
NE,Colfax,38.8,31037
NJ,Middlesex,26.9,34023
NE,Thayer,40.2,31169
NE,Cuming,39.7,31039
MT,Sweet Grass,32.1,30097
NJ,Camden,32.8,34007
NE,Sarpy,38.4,31153
NJ,Morris,25.9,34027
NE,Pierce,41.4,31139
NE,Dodge,38.7,31053
NY,Albany,33.5,36001
NV,Lyon,35.9,32019
NE,Thomas,36.9,31171
NV,Carson City,32.6,32510
NY,Cayuga,41.0,36011
NE,Keith,37.0,31101
NE,Butler,39.4,31023
ND,Walsh,38.5,38099
OH,Jackson,43.7,39079
OH,Crawford,44.0,39033
ND,Sheridan,37.4,38083
ND,Hettinger,37.5,38041
NC,Randolph,32.5,37151
NC,New Hanover,32.4,37129
ND,Mercer,36.3,38057
NC,Hertford,43.4,37091
NC,Wake,25.6,37183
OH,Columbiana,47.0,39029
OH,Erie,36.7,39043
NC,Wayne,39.1,37191
NC,Mecklenburg,34.1,37119
OH,Lawrence,44.9,39087
NC,Cabarrus,34.6,37025
NC,Pamlico,36.6,37137
NC,Buncombe,26.2,37021
NC,Robeson,41.9,37155
ND,Billings,35.9,38007
NC,Currituck,33.2,37053
NY,Oneida,38.2,36065
NC,Durham,32.5,37063
NC,Chowan,39.4,37041
NY,Ontario,34.1,36069
NC,Tyrrell,37.0,37177
OH,Hancock,37.0,39063
NC,Avery,33.1,37011
ND,Rolette,45.4,38079
ND,Sioux,49.4,38085
OH,Auglaize,42.6,39011
NC,Caldwell,35.0,37027
OH,Franklin,36.1,39049
NY,Otsego,35.5,36077
NY,Orleans,36.2,36073
ND,Ward,37.4,38101
ND,Towner,36.6,38095
NC,Lincoln,33.2,37109
OH,Lucas,42.4,39095
NC,Rockingham,37.8,37157
NC,Granville,37.5,37077
NC,Pasquotank,36.0,37139
NC,Clay,32.7,37043
ND,Cavalier,36.6,38019
ND,Grand Forks,37.4,38035
NY,Rensselaer,34.6,36083
NC,Hyde,39.2,37095
ND,McKenzie,35.5,38053
NY,Putnam,30.1,36079
ND,Pierce,36.3,38069
NC,Lee,38.4,37105
OH,Lake,40.9,39085
NC,Moore,32.1,37125
OH,Meigs,48.7,39105
NC,Davie,34.0,37059
NC,Gates,37.3,37073
NC,Swain,36.8,37173
ND,Burleigh,39.2,38015
NC,Edgecombe,40.5,37065
ND,Nelson,39.2,38063
NC,Alleghany,36.6,37005
ND,Bowman,37.2,38011
NY,Tioga,35.2,36107
ND,Logan,38.2,38047
NC,Transylvania,32.8,37175
NY,Suffolk,29.8,36103
NC,Martin,38.5,37117
NC,Ashe,33.9,37009
ND,Renville,37.4,38075
OH,Champaign,39.7,39021
ND,Traill,38.2,38097
NC,Union,31.1,37179
NY,Wayne,37.2,36117
OH,Fulton,42.4,39051
NY,Warren,34.7,36113
NY,Wyoming,35.8,36121
NY,Saratoga,32.1,36091
NC,Jones,38.2,37103
ND,Steele,37.2,38091
NY,Rockland,32.0,36087
NY,Schoharie,37.6,36095
ND,Mountrail,39.7,38061
NY,Ulster,32.2,36111
NY,Seneca,37.4,36099
ND,LaMoure,37.6,38045
NC,Nash,42.1,37127
NC,Dare,29.5,37055
NC,Columbus,39.2,37047
NC,Davidson,34.5,37057
NC,Northampton,40.3,37131
NC,Cumberland,39.6,37051
OH,Allen,47.1,39003
OH,Delaware,32.2,39041
OH,Geauga,36.3,39055
OH,Mahoning,39.7,39099
OH,Fairfield,39.0,39045
NC,Wilson,39.2,37195
OH,Logan,38.7,39091
NC,Scotland,41.1,37165
NC,Vance,41.2,37181
ND,Golden Valley,40.9,38033
OH,Ashtabula,43.1,39007
NC,Mitchell,34.1,37121
NC,Orange,26.3,37135
NC,Duplin,39.4,37061
ND,Ransom,38.3,38073
OH,Knox,35.8,39083
ND,Cass,34.1,38017
NC,Stokes,33.1,37169
ND,Slope,37.4,38087
ND,Wells,37.9,38103
NC,Yancey,32.3,37199
NC,Jackson,32.4,37099
OH,Madison,41.7,39097
OH,Lorain,39.6,39093
NC,Macon,31.3,37113
NC,Washington,41.0,37187
OH,Defiance,42.2,39039
OH,Darke,40.1,39037
OH,Guernsey,41.5,39059
OH,Marion,45.2,39101
NC,Warren,42.0,37185
NC,Beaufort,38.3,37013
ND,Eddy,39.7,38027
ND,McIntosh,40.9,38051
ND,Pembina,34.3,38067
NC,Richmond,39.8,37153
NC,Stanly,34.3,37167
NY,Onondaga,35.1,36067
NC,Catawba,34.1,37035
NY,Oswego,38.5,36075
NC,Craven,36.1,37049
NC,Franklin,38.0,37069
ND,Stark,39.3,38089
NC,Sampson,38.5,37163
OH,Fayette,40.6,39047
OH,Clermont,40.1,39025
OH,Harrison,41.4,39067
NC,Guilford,33.5,37081
NC,Anson,43.1,37007
ND,Williams,37.7,38105
OH,Medina,36.0,39103
ND,Bottineau,39.3,38009
ND,Barnes,37.8,38003
NC,Madison,31.9,37115
OH,Hocking,42.7,39073
OH,Carroll,40.7,39019
NC,Johnston,36.2,37101
ND,McLean,36.4,38055
NC,Forsyth,31.8,37067
NC,Gaston,36.5,37071
OH,Jefferson,40.1,39081
ND,Grant,40.5,38037
OH,Greene,39.2,39057
ND,Sargent,36.0,38081
OH,Ashland,40.5,39005
NC,Onslow,32.1,37133
NC,Pitt,37.3,37147
ND,Dickey,38.4,38021
ND,Dunn,37.8,38025
OH,Highland,43.1,39071
NC,Yadkin,36.1,37197
NC,Alexander,33.8,37003
NC,Bladen,38.6,37017
NY,Richmond,29.4,36085
NY,Queens,24.7,36081
NC,Haywood,31.5,37087
OH,Cuyahoga,37.8,39035
NC,Rowan,33.9,37159
NC,Perquimans,33.8,37143
ND,Benson,42.1,38005
ND,Foster,39.9,38031
NC,Cherokee,31.5,37039
NC,Alamance,38.0,37001
ND,Richland,41.9,38077
OH,Belmont,43.0,39013
NY,Washington,36.0,36115
OH,Huron,41.9,39077
NY,Tompkins,33.0,36109
OH,Henry,42.8,39069
NY,Sullivan,34.8,36105
OH,Holmes,42.7,39075
NY,Steuben,36.6,36101
NC,Lenoir,40.4,37107
NC,Burke,32.0,37023
NY,Orange,37.3,36071
NC,Surry,35.3,37171
NY,Yates,35.3,36123
OH,Butler,36.5,39017
NY,Westchester,26.6,36119
NY,Schenectady,34.3,36093
NY,St. Lawrence,37.1,36089
NY,Schuyler,37.6,36097
NC,Wilkes,35.2,37193
NC,Hoke,35.6,37093
NC,Chatham,30.7,37037
OH,Hardin,45.3,39065
NC,Polk,32.2,37149
OH,Coshocton,40.5,39031
ND,Burke,35.1,38013
NC,Brunswick,30.9,37019
NC,Caswell,35.5,37033
NC,Greene,41.2,37079
OH,Clinton,41.6,39027
ND,Morton,35.8,38059
OH,Mercer,37.8,39107
NC,Pender,31.3,37141
NC,McDowell,33.3,37111
NC,Person,40.5,37145
ND,Kidder,38.1,38043
NC,Montgomery,37.5,37123
NC,Graham,34.0,37075
OH,Adams,45.2,39001
NC,Bertie,43.5,37015
NC,Iredell,33.5,37097
OH,Athens,38.3,39009
NC,Camden,34.3,37029
OH,Gallia,40.1,39053
ND,Ramsey,36.0,38071
NC,Harnett,39.4,37085
NC,Cleveland,37.8,37045
ND,Stutsman,40.2,38093
OH,Clark,41.8,39023
NC,Henderson,33.9,37089
ND,Emmons,36.8,38029
NC,Watauga,33.7,37189
NC,Halifax,41.2,37083
NC,Carteret,31.6,37031
NC,Rutherford,36.7,37161
ND,Adams,38.2,38001
OH,Licking,36.0,39089
ND,Divide,36.7,38023
ND,McHenry,37.0,38049
ND,Oliver,40.0,38065
ND,Griggs,37.0,38039
OH,Hamilton,38.6,39061
OH,Brown,42.6,39015
RI,Kent,32.9,44003
OR,Deschutes,27.0,41017
OH,Pickaway,42.9,39129
OR,Crook,33.0,41013
OH,Sandusky,42.2,39143
OK,Atoka,42.8,40005
OK,Creek,39.4,40037
OK,Grady,41.0,40051
PA,Bedford,35.3,42009
OH,Morgan,41.8,39115
OK,Carter,40.7,40019
PA,Armstrong,37.9,42005
PA,Crawford,37.8,42039
PA,Franklin,39.2,42055
OK,Stephens,42.3,40137
SC,Greenville,30.0,45045
OR,Benton,26.4,41003
OK,Kay,44.0,40071
OR,Josephine,32.8,41033
OK,Beckham,42.7,40009
OR,Marion,39.4,41047
SC,Edgefield,39.1,45037
OK,Love,43.5,40085
OR,Jackson,35.9,41029
OR,Washington,29.6,41067
PA,Mercer,35.7,42085
OR,Wallowa,30.4,41063
OR,Hood River,30.5,41027
OK,Logan,42.2,40083
PA,Philadelphia,34.5,42101
SC,Fairfield,41.1,45039
OH,Seneca,47.1,39147
OK,Custer,38.8,40039
OK,Sequoyah,41.2,40135
OK,Cimarron,39.5,40025
PA,Cambria,37.1,42021
OK,Jackson,42.7,40065
PA,Perry,34.9,42099
PA,Erie,36.9,42049
OH,Vinton,41.2,39163
PA,Westmoreland,31.4,42129
OK,Osage,40.3,40113
OH,Shelby,37.9,39149
OH,Portage,38.5,39133
PA,Sullivan,36.6,42113
PA,Jefferson,35.8,42065
PA,Schuylkill,39.0,42107
OR,Multnomah,28.9,41051
OK,Delaware,43.0,40041
OK,Pawnee,40.7,40117
OK,Lincoln,42.3,40081
OK,Noble,40.5,40103
RI,Washington,25.0,44009
OH,Monroe,43.0,39111
OK,Alfalfa,37.7,40003
PA,Clinton,35.3,42035
OR,Wheeler,35.3,41069
OK,Roger Mills,40.3,40129
OR,Tillamook,30.8,41057
PA,Snyder,36.5,42109
OR,Polk,34.4,41053
PA,Adams,37.3,42001
PA,Washington,38.2,42125
OR,Lincoln,32.0,41041
PA,Huntingdon,35.8,42061
OR,Clackamas,29.0,41005
PA,Delaware,31.4,42045
OK,Okmulgee,44.2,40111
OK,Harper,43.2,40059
SC,Barnwell,43.4,45011
OH,Wayne,40.1,39169
RI,Bristol,25.6,44001
OH,Warren,34.1,39165
OK,Tillman,42.4,40141
OR,Clatsop,30.3,41007
OR,Coos,31.1,41011
OK,Beaver,39.2,40007
OH,Perry,42.9,39127
OK,Latimer,46.4,40077
OR,Linn,34.8,41043
OK,Payne,38.5,40119
OH,Morrow,42.6,39117
SC,Allendale,44.5,45005
OH,Pike,40.6,39131
PA,Warren,34.6,42123
OR,Lane,32.5,41039
OK,Kingfisher,41.3,40073
RI,Newport,27.6,44005
OK,Seminole,43.0,40133
PA,Bradford,34.9,42015
OR,Umatilla,37.8,41059
OH,Miami,39.8,39109
PA,Clarion,35.7,42031
SC,Florence,38.8,45041
SC,Abbeville,38.7,45001
OH,Montgomery,41.5,39113
OR,Grant,30.9,41023
PA,Dauphin,34.3,42043
OH,Noble,44.8,39121
SC,Colleton,44.8,45029
OH,Wyandot,40.0,39175
PA,Carbon,34.4,42025
OK,Pontotoc,43.3,40123
RI,Providence,32.4,44007
PA,Lawrence,35.8,42073
PA,Greene,36.0,42059
OH,Ottawa,41.2,39123
OK,Jefferson,45.2,40067
OK,Major,41.6,40093
OK,Greer,41.5,40055
PA,Monroe,37.7,42089
SC,Georgetown,33.9,45043
OK,Hughes,47.6,40063
OH,Van Wert,42.3,39161
SC,Dillon,42.3,45033
OK,Ottawa,44.0,40115
OK,Adair,43.6,40001
PA,Union,35.3,42119
OK,Caddo,41.0,40015
OK,Ellis,41.2,40045
PA,Columbia,37.2,42037
OK,Choctaw,45.4,40023
OH,Williams,41.5,39171
OH,Tuscarawas,43.7,39157
OK,Woodward,42.0,40153
OR,Douglas,35.1,41019
OR,Malheur,38.3,41045
PA,Lancaster,35.7,42071
SC,Berkeley,36.6,45015
OR,Morrow,37.4,41049
OR,Curry,31.7,41015
PA,Forest,40.4,42053
PA,Pike,33.9,42103
PA,Lackawanna,33.2,42069
OK,Pottawatomie,42.6,40125
OK,Texas,41.3,40139
OR,Baker,34.3,41001
SC,Aiken,37.0,45003
PA,Tioga,38.8,42117
OK,Murray,44.4,40099
OK,Johnston,43.7,40069
PA,York,35.3,42133
SC,Chester,42.0,45023
SC,Darlington,41.4,45031
OR,Wasco,32.9,41065
OR,Union,35.6,41061
OK,Pittsburg,41.4,40121
PA,Beaver,37.2,42007
OH,Richland,39.8,39139
OR,Jefferson,34.9,41031
OH,Paulding,39.4,39125
OK,Kiowa,45.4,40075
PA,Cameron,38.0,42023
OK,Okfuskee,44.6,40107
PA,Montgomery,31.2,42091
OK,Cotton,42.4,40033
OK,Garfield,42.3,40047
PA,Wyoming,35.8,42131
PA,Susquehanna,33.2,42115
PA,Centre,34.7,42027
PA,Berks,35.0,42011
OH,Washington,44.7,39167
PA,Cumberland,33.0,42041
SC,Beaufort,27.9,45013
SC,Cherokee,32.3,45021
OK,Rogers,40.9,40131
PA,Clearfield,36.9,42033
OK,Le Flore,42.7,40079
PA,Bucks,30.4,42017
OK,Oklahoma,39.4,40109
PA,Fayette,34.8,42051
PA,Juniata,36.1,42067
OK,Tulsa,37.0,40143
OK,Coal,43.2,40029
OH,Preble,38.5,39135
PA,Mifflin,38.7,42087
OK,Washington,41.6,40147
OK,McCurtain,45.1,40089
SC,Calhoun,38.4,45017
OK,Blaine,43.6,40011
OK,Bryan,41.2,40013
OH,Muskingum,41.2,39119
PA,Lycoming,35.6,42081
OK,Dewey,40.8,40043
OH,Wood,35.7,39173
PA,Somerset,36.6,42111
SC,Anderson,38.5,45007
OK,Pushmataha,43.5,40127
PA,Wayne,35.2,42127
OK,Cleveland,36.9,40027
PA,Northumberland,37.7,42097
OK,Woods,40.7,40151
OH,Trumbull,44.6,39155
PA,Elk,37.8,42047
PA,Indiana,40.1,42063
SC,Charleston,28.8,45019
SC,Clarendon,45.6,45027
OR,Columbia,36.9,41009
OH,Ross,42.2,39141
OK,Comanche,43.8,40031
SC,Chesterfield,39.8,45025
OK,Marshall,43.7,40095
PA,McKean,36.3,42083
PA,Allegheny,32.0,42003
OK,Craig,43.6,40035
OR,Sherman,33.2,41055
OK,Canadian,42.4,40017
PA,Butler,32.7,42019
OK,Harmon,43.5,40057
OR,Yamhill,34.5,41071
OH,Union,37.4,39159
OH,Stark,38.3,39151
OR,Klamath,38.4,41035
OK,Garvin,42.4,40049
OR,Harney,34.8,41025
OK,Washita,40.7,40149
PA,Lehigh,34.3,42077
OR,Gilliam,31.8,41021
OK,Cherokee,44.3,40021
PA,Montour,35.3,42093
OR,Lake,34.1,41037
SC,Dorchester,36.4,45035
OK,Mayes,43.1,40097
OK,Haskell,43.7,40061
OK,Grant,44.8,40053
PA,Potter,38.2,42105
PA,Lebanon,37.3,42075
OK,Wagoner,43.5,40145
PA,Chester,29.5,42029
PA,Fulton,36.0,42057
OK,McClain,37.9,40087
SC,Bamberg,44.3,45009
OK,Muskogee,44.6,40101
OK,Nowata,41.2,40105
PA,Venango,35.5,42121
PA,Blair,36.2,42013
OH,Putnam,40.0,39137
OK,McIntosh,42.1,40091
PA,Northampton,33.7,42095
SC,Greenwood,40.5,45047
PA,Luzerne,38.7,42079
OH,Summit,39.5,39153
OH,Scioto,43.7,39145
TX,Blanco,34.8,48031
SC,Sumter,40.9,45085
TX,Concho,39.4,48095
TN,Lewis,39.0,47101
TN,Fentress,40.1,47049
TN,Macon,40.4,47111
TX,Briscoe,43.3,48045
SC,Newberry,38.7,45071
TN,Grainger,38.0,47057
TN,Anderson,38.3,47001
TN,Coffee,39.6,47031
SD,Lyman,39.9,46085
TN,Lauderdale,44.5,47097
SC,Marlboro,46.0,45069
SD,Walworth,34.8,46129
TN,Decatur,41.5,47039
TN,Weakley,40.0,47183
TN,Rutherford,33.8,47149
TX,Bowie,40.9,48037
TX,Clay,34.5,48077
TN,Marion,40.8,47115
TN,Sequatchie,38.9,47153
SC,Kershaw,36.5,45055
TX,Coryell,37.7,48099
TX,Bee,43.0,48025
SD,Edmunds,35.6,46045
SD,Codington,39.8,46029
TX,Crane,40.3,48103
TN,Shelby,42.6,47157
TN,Loudon,36.3,47105
SD,Hughes,34.8,46065
TN,Gibson,40.0,47053
SD,Jerauld,36.6,46073
SD,Campbell,35.0,46021
SC,York,31.2,45091
SD,Lake,35.8,46079
TN,Dickson,35.1,47043
SD,Hand,34.5,46059
SD,Lawrence,35.0,46081
TN,Sullivan,40.7,47163
SD,Beadle,34.7,46005
TN,McNairy,43.1,47109
SD,Bon Homme,36.0,46009
SD,Grant,33.1,46051
TN,Campbell,39.2,47013
SD,Charles Mix,38.5,46023
TN,Cumberland,37.4,47035
SD,Haakon,35.9,46055
TN,Trousdale,38.6,47169
TN,Houston,38.1,47083
SC,Union,42.9,45087
SD,Brookings,37.8,46011
TX,Cochran,43.6,48079
SC,Hampton,43.7,45049
TN,Hardin,37.5,47071
SC,Jasper,37.5,45053
TN,Hancock,42.6,47067
SD,Custer,37.5,46033
TN,Meigs,38.0,47121
SD,Faulk,37.2,46049
TX,Chambers,38.7,48071
SD,Brule,36.8,46015
TX,Bell,39.0,48027
SD,Gregory,36.8,46053
SD,Hamlin,34.2,46057
TN,Clay,39.4,47027
TX,Brown,38.3,48049
TN,Dyer,41.3,47045
SC,Lancaster,36.0,45057
SD,Fall River,36.5,46047
SD,Clay,39.9,46027
TN,Carter,41.3,47019
SD,Corson,46.2,46031
SC,Oconee,31.6,45073
TN,Sumner,38.4,47165
TN,Moore,36.5,47127
TN,Madison,39.5,47113
SD,Lincoln,32.6,46083
SD,Tripp,41.2,46123
TN,Henderson,43.0,47077
SD,Jackson,39.7,46071
TX,Castro,40.4,48069
TX,Bosque,37.0,48035
SC,Laurens,41.0,45059
TN,Grundy,37.6,47061
TN,Maury,40.7,47119
TN,DeKalb,41.7,47041
TN,Washington,37.1,47179
SD,Mellette,42.8,46095
TN,Monroe,36.1,47123
SD,Roberts,42.8,46109
SC,Horry,34.7,45051
TN,Fayette,36.8,47047
TN,Franklin,39.0,47051
TX,Cherokee,39.1,48073
SD,Hanson,33.1,46061
TN,Unicoi,36.8,47171
SC,McCormick,38.3,45065
TX,Comal,39.1,48091
SD,Yankton,35.3,46135
TX,Bexar,37.3,48029
TX,Baylor,35.9,48023
TN,Stewart,36.6,47161
SC,Lee,49.1,45061
SD,Stanley,33.7,46117
TN,Putnam,38.4,47141
TN,Van Buren,39.2,47175
TN,Haywood,44.3,47075
TN,Blount,33.4,47009
TX,Bandera,36.0,48019
TX,Borden,33.2,48033
TX,Childress,41.1,48075
SD,Moody,32.8,46101
SD,Perkins,33.5,46105
TN,Jackson,35.5,47087
TX,Archer,36.1,48009
TX,Coke,39.6,48081
TN,Hawkins,37.5,47073
SD,Kingsbury,34.2,46077
TN,Warren,39.2,47177
TN,Lincoln,40.5,47103
SD,Todd,44.3,46121
TN,Greene,38.0,47059
TX,Burnet,41.7,48053
TN,Hickman,39.7,47081
TN,Polk,37.6,47139
SD,Union,32.6,46127
TX,Collin,28.6,48085
TN,Sevier,39.4,47155
TN,Cannon,36.2,47015
TX,Austin,36.3,48015
TX,Cameron,47.6,48061
TN,Knox,37.5,47093
TX,Andrews,39.0,48003
SD,Miner,36.3,46097
SD,Pennington,34.6,46103
SD,Sanborn,35.0,46111
TX,Brazoria,39.6,48039
SC,Lexington,39.0,45063
TX,Anderson,39.5,48001
TN,Carroll,40.6,47017
TN,Cocke,41.5,47029
SD,Brown,35.9,46013
SD,Day,37.8,46037
TN,Smith,36.9,47159
SD,Clark,38.0,46025
TX,Bastrop,40.2,48021
TN,McMinn,40.4,47107
SD,Aurora,33.4,46003
TN,Cheatham,37.4,47021
TN,Bledsoe,42.8,47007
SD,Buffalo,44.4,46017
TN,Johnson,39.1,47091
SD,Hutchinson,34.1,46067
TN,Hamblen,38.7,47063
TX,Callahan,36.4,48059
SD,McCook,34.7,46087
TN,Claiborne,41.1,47025
SC,Pickens,36.8,45077
TN,Tipton,39.4,47167
TX,Bailey,37.9,48017
TN,Roane,39.4,47145
TN,Bradley,39.2,47011
TX,Collingsworth,39.4,48087
TN,Rhea,39.3,47143
TX,Aransas,40.3,48007
SD,Bennett,43.0,46007
SD,Douglas,36.2,46043
TN,Montgomery,42.6,47125
TX,Cottle,42.4,48101
SD,Dewey,40.8,46041
TN,Williamson,28.7,47187
TN,Morgan,40.2,47129
TX,Caldwell,39.0,48055
SD,Butte,34.9,46019
TX,Coleman,38.2,48083
TN,Benton,39.8,47005
TN,Lawrence,41.0,47099
TN,Pickett,39.8,47137
TX,Comanche,39.1,48093
SD,Davison,36.9,46035
SC,Spartanburg,36.4,45083
TN,Union,37.7,47173
TX,Cooke,37.3,48097
TX,Brazos,36.9,48041
TX,Atascosa,43.0,48013
SD,Jones,35.5,46075
SD,Deuel,34.9,46039
TN,Giles,38.2,47055
TX,Camp,39.9,48063
SC,Saluda,38.9,45081
SD,Harding,33.7,46063
SC,Orangeburg,47.1,45075
TX,Carson,34.2,48065
TN,Hardeman,47.5,47069
SC,Marion,42.4,45067
SD,Spink,36.8,46115
TX,Armstrong,34.4,48011
TN,Bedford,41.3,47003
TX,Burleson,38.4,48051
SD,Oglala Lakota,43.9,46102
TN,Humphreys,37.7,47085
SC,Williamsburg,47.2,45089
TN,Perry,38.8,47135
TX,Colorado,39.7,48089
TN,Lake,44.8,47095
SD,Hyde,35.2,46069
TN,Overton,38.0,47133
TN,Jefferson,38.8,47089
TN,Scott,41.2,47151
TN,Hamilton,33.3,47065
SD,Turner,34.2,46125
TX,Brooks,45.0,48047
TN,Wayne,40.3,47181
TN,Obion,40.9,47131
SC,Richland,33.9,45079
SD,Ziebach,44.9,46137
TX,Angelina,41.1,48005
SD,Sully,37.4,46119
TN,Crockett,39.1,47033
SD,Marshall,32.9,46091
TN,Davidson,32.3,47037
TX,Brewster,35.9,48043
TN,Wilson,36.8,47189
SD,Meade,33.3,46093
TN,Robertson,37.7,47147
SD,Potter,34.1,46107
TN,Marshall,40.1,47117
TN,Henry,39.4,47079
SD,Minnehaha,33.9,46099
TX,Cass,38.6,48067
TN,Chester,39.2,47023
TX,Calhoun,36.7,48057
TN,White,39.8,47185
TX,Wood,35.9,48499
TX,Nueces,44.0,48355
TX,Pecos,42.0,48371
TX,Kendall,32.8,48259
TX,Fayette,36.0,48149
TX,Harrison,39.9,48203
TX,Menard,38.3,48327
TX,Roberts,36.4,48393
TX,Parmer,40.0,48369
TX,Houston,40.4,48225
TX,Dallam,40.1,48111
UT,Summit,23.1,49043
TX,Hill,37.1,48217
TX,Throckmorton,37.9,48447
TX,Mills,34.9,48333
TX,Hood,33.5,48221
TX,Hale,42.7,48189
UT,Salt Lake,32.8,49035
TX,Real,41.3,48385
TX,Kleberg,41.5,48273
TX,Hemphill,36.6,48211
TX,Wichita,38.9,48485
TX,Eastland,37.2,48133
TX,Stonewall,38.6,48433
TX,Lamar,38.6,48277
TX,Swisher,42.8,48437
UT,San Juan,37.3,49037
TX,Martin,39.0,48317
TX,Taylor,36.5,48441
TX,Potter,38.6,48375
TX,Moore,39.0,48341
TX,Edwards,42.3,48137
TX,Montague,37.2,48337
TX,Midland,38.4,48329
TX,Matagorda,41.2,48321
TX,Scurry,39.1,48415
TX,Trinity,38.9,48455
TX,Van Zandt,36.1,48467
TX,Hutchinson,37.7,48233
TX,Rains,37.5,48379
TX,Lampasas,38.3,48281
TX,Travis,29.4,48453
TX,Kimble,37.6,48267
TX,Hudspeth,42.8,48229
TX,Fisher,37.6,48151
TX,Foard,40.4,48155
TX,Hamilton,37.5,48193
TX,Zapata,46.1,48505
TX,Randall,33.9,48381
TX,Maverick,45.2,48323
TX,El Paso,39.3,48141
TX,Haskell,39.7,48207
TX,Kent,34.9,48263
TX,Reeves,42.7,48389
TX,Hidalgo,47.6,48215
TX,Titus,40.2,48449
TX,Rockwall,34.9,48397
TX,Hardin,37.5,48199
TX,Duval,42.6,48131
UT,Daggett,33.8,49009
TX,Wise,40.4,48497
TX,Kenedy,47.3,48261
TX,San Saba,39.4,48411
TX,Mitchell,41.1,48335
TX,Dawson,42.6,48115
TX,Grimes,41.6,48185
UT,Utah,30.7,49049
TX,Wilson,42.1,48493
TX,Orange,41.6,48361
UT,Box Elder,32.0,49003
TX,Fannin,37.8,48147
TX,Henderson,37.3,48213
TX,Upshur,40.5,48459
TX,Frio,41.6,48163
TX,Llano,38.5,48299
TX,Uvalde,41.6,48463
TX,Presidio,44.2,48377
TX,Yoakum,40.7,48501
UT,Sanpete,32.9,49039
TX,Zavala,47.7,48507
TX,Johnson,41.6,48251
TX,Mason,36.3,48319
TX,Jim Hogg,44.9,48247
TX,Lamb,41.7,48279
TX,Stephens,38.8,48429
TX,Hays,34.4,48209
TX,Wharton,41.4,48481
TX,Terrell,35.8,48443
TX,Marion,41.1,48315
UT,Millard,35.4,49027
TX,Ector,40.3,48135
TX,Parker,36.8,48367
TX,Denton,30.7,48121
TX,Lubbock,36.3,48303
TX,Young,38.7,48503
TX,Galveston,39.8,48167
TX,Terry,42.8,48445
TX,Motley,36.5,48345
TX,Sabine,38.6,48403
TX,McMullen,42.7,48311
TX,Hockley,41.3,48219
TX,Live Oak,40.9,48297
UT,Sevier,35.1,49041
TX,Kinney,41.5,48271
TX,Jasper,40.7,48241
UT,Piute,35.5,49031
TX,Limestone,40.1,48293
TX,Hansford,36.8,48195
TX,Floyd,41.1,48153
TX,Palo Pinto,36.9,48363
TX,San Jacinto,38.2,48407
TX,Medina,40.3,48325
TX,Lee,38.6,48287
TX,Glasscock,34.2,48173
TX,Walker,42.2,48471
TX,McLennan,39.0,48309
TX,Upton,41.6,48461
TX,Kerr,34.9,48265
TX,Tom Green,37.6,48451
TX,Winkler,39.5,48495
UT,Duchesne,33.0,49013
TX,Nacogdoches,40.6,48347
TX,Ward,40.8,48475
UT,Beaver,32.5,49001
TX,Irion,35.7,48235
TX,Schleicher,39.7,48413
TX,San Patricio,43.3,48409
UT,Iron,33.3,49021
UT,Morgan,31.8,49029
TX,Howard,41.6,48227
TX,Willacy,48.8,48489
TX,Reagan,39.4,48383
TX,Guadalupe,39.4,48187
TX,Lipscomb,37.7,48295
TX,Milam,37.5,48331
TX,Delta,36.8,48119
TX,Crockett,38.6,48105
TX,Jackson,39.5,48239
TX,Kaufman,37.5,48257
TX,Smith,39.7,48423
TX,Gillespie,34.2,48171
TX,Runnels,38.1,48399
TX,Lynn,40.5,48305
UT,Davis,30.2,49011
UT,Grand,30.9,49019
TX,Hardeman,37.1,48197
TX,Panola,38.3,48365
TX,Robertson,37.9,48395
TX,Gray,40.5,48179
TX,Culberson,43.1,48109
TX,Washington,37.1,48477
TX,Liberty,39.8,48291
TX,Williamson,29.6,48491
TX,Deaf Smith,43.6,48117
TX,Garza,41.2,48169
TX,Hunt,41.8,48231
TX,Shackelford,38.1,48417
TX,Jefferson,38.1,48245
TX,Newton,42.1,48351
TX,Jones,42.6,48253
TX,Sterling,36.7,48431
TX,Dimmit,49.9,48127
UT,Emery,34.5,49015
TX,Dallas,34.8,48113
TX,Somervell,33.2,48425
TX,Tarrant,37.7,48439
TX,Gaines,40.3,48165
TX,Jim Wells,42.6,48249
TX,Wheeler,39.8,48483
UT,Cache,35.0,49005
UT,Uintah,34.5,49047
TX,Gregg,39.9,48183
TX,Madison,40.4,48313
TX,Harris,35.2,48201
TX,La Salle,44.2,48283
TX,Loving,32.6,48301
TX,Victoria,39.1,48469
TX,Freestone,39.3,48161
TX,Sherman,37.9,48421
TX,Lavaca,37.7,48285
TX,DeWitt,41.0,48123
TX,McCulloch,39.3,48307
TX,Goliad,38.9,48175
UT,Garfield,36.3,49017
TX,Polk,40.4,48373
TX,Hopkins,37.6,48223
TX,Morris,40.6,48343
UT,Kane,36.3,49025
TX,Crosby,41.3,48107
TX,Hall,41.1,48191
TX,Franklin,34.5,48159
UT,Juab,34.4,49023
TX,King,40.8,48269
TX,Rusk,39.6,48401
TX,Red River,39.9,48387
TX,Falls,42.7,48145
TX,Ochiltree,38.7,48357
UT,Rich,33.1,49033
TX,Shelby,40.9,48419
TX,Oldham,36.7,48359
TX,Jack,38.1,48237
TX,Refugio,40.7,48391
TX,Karnes,40.5,48255
TX,Donley,37.3,48129
TX,Sutton,41.6,48435
TX,Navarro,42.3,48349
TX,Erath,39.7,48143
TX,Jeff Davis,39.6,48243
TX,Webb,41.5,48479
TX,Dickens,37.4,48125
TX,Hartley,35.2,48205
UT,Carbon,35.0,49007
TX,Nolan,41.8,48353
TX,Tyler,40.3,48457
TX,Montgomery,35.4,48339
TX,Knox,39.9,48275
UT,Tooele,39.0,49045
TX,Wilbarger,41.4,48487
TX,Val Verde,42.1,48465
TX,San Augustine,42.8,48405
TX,Waller,41.5,48473
TX,Leon,37.6,48289
TX,Ellis,37.6,48139
TX,Gonzales,39.5,48177
TX,Starr,47.8,48427
TX,Fort Bend,33.1,48157
TX,Grayson,37.2,48181
WA,Mason,37.7,53045
VA,Charlottesville,35.2,51540
WA,Lewis,40.6,53041
VA,Washington,37.2,51191
WV,Tyler,41.7,54095
VA,Buchanan,44.6,51027
WA,Garfield,36.6,53023
VA,Rockbridge,31.8,51163
WV,Ohio,38.1,54069
VA,Botetourt,35.7,51023
VA,Campbell,42.5,51031
VA,Lunenburg,42.7,51111
WA,Whitman,31.2,53075
VA,Pulaski,35.6,51155
WV,Wetzel,37.1,54103
VA,Bedford,35.2,51019
WI,Adams,38.6,55001
VT,Windsor,25.6,50027
WA,Columbia,38.3,53013
VA,Harrisonburg,40.4,51660
VA,Lynchburg,39.5,51680
WV,Cabell,41.8,54011
VA,King William,38.5,51101
WA,Walla Walla,32.7,53071
VA,Stafford,37.0,51179
VT,Franklin,31.1,50011
VA,Shenandoah,37.9,51171
WV,Logan,41.0,54045
VA,Carroll,38.9,51035
WV,Mingo,41.1,54059
VA,Emporia,47.1,51595
WV,Clay,42.5,54015
VA,Appomattox,42.4,51011
VA,Henry,43.4,51089
WA,Grays Harbor,36.5,53027
WV,Marion,39.8,54049
VA,Greensville,46.2,51081
VA,Grayson,42.4,51077
VA,King and Queen,41.8,51097
VA,Hampton,42.2,51650
VA,Chesterfield,37.7,51041
VA,Augusta,37.8,51015
VA,Amelia,43.0,51007
VA,Craig,36.2,51045
VA,Dinwiddie,38.2,51053
WV,Webster,37.9,54101
WA,Douglas,37.8,53017
VA,Franklin,33.5,51067
VA,Floyd,36.8,51063
VA,Giles,36.9,51071
VA,Cumberland,38.6,51049
VA,Fairfax,27.0,51059
UT,Washington,29.1,49053
VA,Richmond,38.6,51159
WV,Hampshire,42.0,54027
WA,Jefferson,26.1,53031
WV,Calhoun,44.7,54013
WV,Boone,41.5,54005
VA,Petersburg,46.5,51730
VA,Southampton,42.4,51175
VA,Northumberland,38.8,51133
VA,Northampton,41.8,51131
VA,Page,40.2,51139
VA,Sussex,44.0,51183
VA,Middlesex,40.1,51119
VA,Portsmouth,45.2,51740
VA,Alexandria,29.5,51510
VA,Waynesboro,38.1,51820
VA,Lee,40.5,51105
WV,Morgan,38.5,54065
VA,Madison,37.0,51113
VT,Addison,26.4,50001
VT,Grand Isle,27.1,50013
VA,Hanover,38.1,51085
WA,Pierce,35.8,53053
WA,Thurston,33.6,53067
WA,Grant,42.0,53025
WV,Mineral,43.1,54057
WV,Wood,38.1,54107
WV,Grant,41.1,54023
WA,Cowlitz,39.0,53015
WA,Ferry,36.1,53019
VT,Lamoille,25.4,50015
WA,Yakima,42.0,53077
WV,Pendleton,38.5,54071
WA,Pacific,36.5,53049
VA,Nelson,34.8,51125
VA,Nottoway,44.4,51135
VA,Mathews,33.3,51115
WA,Clallam,34.5,53009
WV,Preston,41.0,54077
VA,Pittsylvania,43.9,51143
WV,Fayette,39.4,54019
VA,Manassas Park,37.4,51685
UT,Weber,34.4,49057
WA,Adams,38.3,53001
VA,Falls Church,30.1,51610
WV,Jefferson,34.8,54037
VA,Fredericksburg,38.2,51630
WV,Brooke,39.8,54009
WV,Nicholas,39.4,54067
VA,Colonial Heights,39.1,51570
WV,Pocahontas,44.1,54075
WV,Wyoming,46.0,54109
UT,Wasatch,25.8,49051
VA,Caroline,41.6,51033
WV,Berkeley,40.3,54003
WI,Ashland,38.0,55003
WV,Mason,44.3,54053
VT,Chittenden,24.5,50007
VA,Bristol,41.3,51520
VA,Wise,41.7,51195
VA,Tazewell,40.7,51185
WV,Barbour,40.8,54001
VA,Norton,41.8,51720
WA,Benton,40.0,53005
UT,Wayne,33.2,49055
VA,Richmond,35.8,51760
VA,Winchester,37.9,51840
WV,Wayne,45.6,54099
WA,Kitsap,31.4,53035
WV,Monongalia,36.7,54061
WA,Pend Oreille,32.8,53051
WV,Raleigh,39.6,54081
VA,Bath,40.8,51017
VA,Salem,35.2,51775
VA,York,33.7,51199
WV,Summers,42.8,54089
WV,Roane,39.8,54087
VA,Culpeper,38.2,51047
VA,Clarke,34.1,51043
VA,Charlotte,40.7,51037
VA,Radford,38.1,51750
VA,Powhatan,35.8,51145
VA,Williamsburg,37.7,51830
VA,Wythe,38.4,51197
VA,Dickenson,42.9,51051
VA,Gloucester,36.6,51073
VA,Martinsville,44.5,51690
VA,Fluvanna,38.7,51065
VA,Buena Vista,40.1,51530
VT,Orleans,32.9,50019
VA,Essex,39.0,51057
VA,Frederick,37.6,51069
VA,Danville,45.7,51590
VA,Warren,38.1,51187
VA,Fauquier,33.4,51061
VA,Hopewell,45.9,51670
WA,Kittitas,31.0,53037
VA,Covington,38.8,51580
VA,Lancaster,40.6,51103
VA,New Kent,37.2,51127
VA,Virginia Beach,32.9,51810
VA,Orange,36.8,51137
VA,Poquoson,33.2,51735
VA,Albemarle,31.7,51003
VA,Mecklenburg,41.4,51117
VT,Bennington,28.3,50003
VA,James City,33.8,51095
VA,Galax,41.1,51640
WV,Putnam,38.1,54079
WA,Asotin,34.8,53003
WV,Lewis,40.5,54041
VA,Henrico,35.1,51087
WV,Mercer,42.5,54055
WA,Franklin,39.7,53021
WA,Okanogan,38.6,53047
VA,Charles City,41.9,51036
VA,Scott,38.6,51169
VA,Spotsylvania,38.3,51177
WV,Hancock,45.1,54029
VA,Goochland,31.7,51075
VA,Greene,36.8,51079
VA,Newport News,40.6,51700
VT,Washington,26.8,50023
VA,Prince George,41.2,51149
WA,Wahkiakum,40.3,53069
WV,Marshall,42.3,54051
VA,Russell,39.4,51167
WA,Snohomish,32.9,53061
VA,Louisa,38.9,51109
WV,Monroe,40.8,54063
VT,Caledonia,29.7,50005
VA,Patrick,40.8,51141
WA,King,22.8,53033
WV,Jackson,37.1,54035
VA,Loudoun,28.6,51107
VA,Montgomery,35.8,51121
VA,King George,35.2,51099
VA,Suffolk,41.5,51800
VA,Westmoreland,41.7,51193
WV,Gilmer,40.3,54021
VA,Chesapeake,41.2,51550
VA,Highland,33.8,51091
VA,Rappahannock,36.1,51157
WV,Upshur,41.2,54097
VA,Bland,39.5,51021
WV,Pleasants,41.3,54073
WA,San Juan,25.9,53055
VA,Alleghany,40.9,51005
VT,Essex,32.7,50009
WV,Lincoln,44.7,54043
VA,Buckingham,41.3,51029
VA,Halifax,43.1,51083
VA,Prince Edward,43.0,51147
WV,Randolph,41.3,54083
VA,Arlington,25.9,51013
VA,Rockingham,34.9,51165
WA,Whatcom,28.2,53073
VA,Smyth,40.7,51173
WV,McDowell,44.3,54047
WV,Harrison,40.4,54033
VA,Roanoke,36.4,51770
WV,Tucker,37.9,54093
WA,Spokane,34.0,53063
VA,Manassas,35.1,51683
VA,Lexington,35.1,51678
VA,Prince William,33.1,51153
VA,Fairfax,32.2,51600
VA,Franklin,46.9,51620
WA,Klickitat,32.5,53039
WA,Clark,32.6,53011
VA,Roanoke,34.2,51161
VA,Staunton,39.9,51790
WV,Taylor,40.3,54091
WA,Skamania,35.8,53059
WA,Lincoln,34.9,53043
WV,Greenbrier,42.8,54025
WV,Hardy,42.9,54031
WA,Island,33.7,53029
WV,Wirt,41.5,54105
VT,Rutland,30.7,50021
VA,Norfolk,40.0,51710
WA,Stevens,32.2,53065
VT,Windham,26.0,50025
WV,Kanawha,40.3,54039
WA,Chelan,28.8,53007
WA,Skagit,36.8,53057
VA,Accomack,44.0,51001
VA,Surry,39.4,51181
VT,Orange,26.7,50017
VA,Brunswick,45.3,51025
VA,Amherst,36.1,51009
WV,Doddridge,43.3,54017
WV,Ritchie,40.8,54085
WI,Washburn,35.7,55129
WI,Dunn,41.0,55033
WI,Menominee,43.4,55078
WY,Laramie,34.3,56021
WI,Washington,37.1,55131
WY,Sublette,29.9,56035
WI,Iowa,39.4,55049
WI,Green Lake,41.3,55047
WI,Pierce,34.7,55093
WI,Shawano,45.0,55115
WI,Lafayette,39.5,55065
WY,Teton,22.2,56039
WI,Milwaukee,39.4,55079
WI,Buffalo,40.1,55011
WY,Natrona,37.8,56025
WI,Oconto,39.9,55083
WY,Goshen,34.7,56015
WI,Vilas,35.1,55125
WI,Grant,40.5,55043
WI,Sauk,39.6,55111
WI,Calumet,39.7,55015
WY,Carbon,36.2,56007
WY,Albany,35.0,56001
WI,Portage,36.0,55097
WI,Waupaca,36.7,55135
WY,Weston,35.0,56045
WY,Converse,37.0,56009
WY,Lincoln,31.6,56023
WI,Rock,38.1,55105
WI,Langlade,39.7,55067
WI,Sheboygan,40.5,55117
WI,Jackson,44.5,55053
WY,Platte,32.4,56031
WI,Iron,37.2,55051
WI,Outagamie,39.5,55087
WI,Racine,40.0,55101
WI,Florence,40.1,55037
WI,Richland,41.8,55103
WY,Fremont,37.9,56013
WI,Polk,40.0,55095
WI,Bayfield,37.5,55007
WI,St. Croix,33.6,55109
WI,Kenosha,43.2,55059
WI,La Crosse,34.6,55063
WI,Sawyer,41.1,55113
WY,Niobrara,36.9,56027
WY,Johnson,31.2,56019
WI,Green,40.2,55045
WY,Campbell,35.0,56005
WI,Price,42.1,55099
WI,Jefferson,39.6,55055
WI,Winnebago,39.6,55139
WI,Forest,42.3,55041
WI,Pepin,39.3,55091
WY,Crook,31.2,56011
WI,Fond du Lac,41.7,55039
WY,Washakie,39.1,56043
WI,Brown,36.6,55009
WI,Rusk,36.8,55107
WI,Dane,31.6,55025
WI,Marquette,40.9,55077
WI,Crawford,39.1,55023
WY,Hot Springs,38.8,56017
WI,Waukesha,32.0,55133
WI,Clark,43.1,55019
WI,Kewaunee,39.6,55061
WY,Park,33.2,56029
WI,Taylor,40.7,55119
WI,Barron,39.4,55005
WI,Manitowoc,43.5,55071
WI,Trempealeau,39.1,55121
WI,Juneau,39.6,55057
WI,Ozaukee,34.0,55089
WI,Door,37.2,55029
WI,Marinette,41.3,55075
WI,Monroe,38.7,55081
WY,Sheridan,31.6,56033
WI,Columbia,38.7,55021
WI,Burnett,43.1,55013
WI,Walworth,33.3,55127
WI,Lincoln,40.3,55069
WI,Waushara,41.8,55137
WI,Wood,40.9,55141
WY,Big Horn,34.7,56003
WI,Eau Claire,35.8,55035
WY,Uinta,35.5,56041
WI,Marathon,35.9,55073
WI,Oneida,38.5,55085
WI,Dodge,40.5,55027
WI,Vernon,40.4,55123
WI,Chippewa,40.0,55017
WY,Sweetwater,36.3,56037
WI,Douglas,40.4,55031
